site,deployment,deployed_at,uuid,time.s,time.h,battery.V,ch4rf_raw,ch4rf_cal,ch4_raw,ch4_cal,user_note,user_value
jar1,2C000000F80F00200044004080000000,1641933025,50FF6A068678545226181767,1641933604.010,2022-01-11 20:40:04.2C000000F80F00200044004080000000,281,4028,16928,3996,-38104,,
jar1,2C000000F80F00200044004080000000,1641933025,50FF6A068678545226181767,1641933604.022,2022-01-11 20:40:04.2C000000F80F00200044004080000000,492,4012,16928,2519,-38104,,
jar1,2C000000F80F00200044004080000000,1641933025,50FF6A068678545226181767,1641933604.033,2022-01-11 20:40:04.2C000000F80F00200044004080000000,512,4021,16928,2518,-38104,,
jar1,2C000000F80F00200044004080000000,1641933025,50FF6A068678545226181767,1641933604.045,2022-01-11 20:40:04.2C000000F80F00200044004080000000,512,4036,16928,4045,-38104,,
jar1,2C000000F80F00200044004080000000,1641933025,50FF6A068678545226181767,1641933604.057,2022-01-11 20:40:04.2C000000F80F00200044004080000000,508,4034,16928,2504,-38104,,
jar1,2C000000F80F00200044004080000000,1641933025,50FF6A068678545226181767,1641933604.068,2022-01-11 20:40:04.2C000000F80F00200044004080000000,519,4038,16928,4042,-38104,,
jar1,2C000000F80F00200044004080000000,1641933025,50FF6A068678545226181767,1641933604.157,2022-01-11 20:40:04.2C000000F80F00200044004080000000,515,4022,16928,4036,-38104,,
jar1,2C000000F80F00200044004080000000,1641933025,50FF6A068678545226181767,1641933604.168,2022-01-11 20:40:04.2C000000F80F00200044004080000000,511,4032,16928,2604,-38104,,
jar1,2C000000F80F00200044004080000000,1641933025,50FF6A068678545226181767,1641933604.180,2022-01-11 20:40:04.2C000000F80F00200044004080000000,512,4042,16928,2502,-38104,,
jar1,2C000000F80F00200044004080000000,1641933025,50FF6A068678545226181767,1641933604.192,2022-01-11 20:40:04.2C000000F80F00200044004080000000,510,4043,16928,2510,-38104,,
jar1,2C000000F80F00200044004080000000,1641933025,50FF6A068678545226181767,1641933604.209,2022-01-11 20:40:04.2C000000F80F00200044004080000000,516,4018,16928,2508,-38104,,
jar1,2C000000F80F00200044004080000000,1641933025,50FF6A068678545226181767,1641933604.221,2022-01-11 20:40:04.2C000000F80F00200044004080000000,512,4025,16928,4018,-38104,,
jar1,2C000000F80F00200044004080000000,1641933025,50FF6A068678545226181767,1641933604.277,2022-01-11 20:40:04.2C000000F80F00200044004080000000,510,4032,16928,4042,-38104,,
jar1,2C000000F80F00200044004080000000,1641933025,50FF6A068678545226181767,1641933604.289,2022-01-11 20:40:04.2C000000F80F00200044004080000000,512,4034,16928,2494,-38104,,
jar1,2C000000F80F00200044004080000000,1641933025,50FF6A068678545226181767,1641933604.300,2022-01-11 20:40:04.2C000000F80F00200044004080000000,509,4019,16928,2505,-38104,,
jar1,2C000000F80F00200044004080000000,1641933025,50FF6A068678545226181767,1641933604.312,2022-01-11 20:40:04.2C000000F80F00200044004080000000,518,4014,16928,4043,-38104,,
jar1,2C000000F80F00200044004080000000,1641933025,50FF6A068678545226181767,1641933604.324,2022-01-11 20:40:04.2C000000F80F00200044004080000000,510,4038,16928,2498,-38104,,
jar1,2C000000F80F00200044004080000000,1641933025,50FF6A068678545226181767,1641933604.336,2022-01-11 20:40:04.2C000000F80F00200044004080000000,516,4034,16928,2498,-38104,,
jar1,2C000000F80F00200044004080000000,1641933025,50FF6A068678545226181767,1641933604.372,2022-01-11 20:40:04.2C000000F80F00200044004080000000,507,4015,16928,4036,-38104,,
jar1,2C000000F80F00200044004080000000,1641933025,50FF6A068678545226181767,1641933604.384,2022-01-11 20:40:04.2C000000F80F00200044004080000000,514,4029,16928,2518,-38104,,
jar1,2C000000F80F00200044004080000000,1641933025,50FF6A068678545226181767,1641933604.401,2022-01-11 20:40:04.2C000000F80F00200044004080000000,513,4018,16928,2507,-38104,,
jar1,2C000000F80F00200044004080000000,1641933025,50FF6A068678545226181767,1641933604.413,2022-01-11 20:40:04.2C000000F80F00200044004080000000,510,4028,16928,2529,-38104,,
jar1,2C000000F80F00200044004080000000,1641933025,50FF6A068678545226181767,1641933604.425,2022-01-11 20:40:04.2C000000F80F00200044004080000000,512,4044,16928,2502,-38104,,
jar1,2C000000F80F00200044004080000000,1641933025,50FF6A068678545226181767,1641933604.436,2022-01-11 20:40:04.2C000000F80F00200044004080000000,512,4044,16928,4040,-38104,,
jar1,2C000000F80F00200044004080000000,1641933025,50FF6A068678545226181767,1641933604.492,2022-01-11 20:40:04.2C000000F80F00200044004080000000,509,4037,16928,4025,-38104,,
jar1,2C000000F80F00200044004080000000,1641933025,50FF6A068678545226181767,1641933604.503,2022-01-11 20:40:04.2C000000F80F00200044004080000000,517,4038,16928,2494,-38104,,
jar1,2C000000F80F00200044004080000000,1641933025,50FF6A068678545226181767,1641933604.515,2022-01-11 20:40:04.2C000000F80F00200044004080000000,512,4021,16928,4013,-38104,,
jar1,2C000000F80F00200044004080000000,1641933025,50FF6A068678545226181767,1641933604.527,2022-01-11 20:40:04.2C000000F80F00200044004080000000,511,4041,16928,2496,-38104,,
jar1,2C000000F80F00200044004080000000,1641933025,50FF6A068678545226181767,1641933604.539,2022-01-11 20:40:04.2C000000F80F00200044004080000000,517,4042,16928,2503,-38104,,
jar1,2C000000F80F00200044004080000000,1641933025,50FF6A068678545226181767,1641933604.594,2022-01-11 20:40:04.2C000000F80F00200044004080000000,516,4021,16928,2508,-38104,,
jar1,2C000000F80F00200044004080000000,1641933025,50FF6A068678545226181767,1641933604.612,2022-01-11 20:40:04.2C000000F80F00200044004080000000,510,4035,16928,2494,-38104,,
jar1,2C000000F80F00200044004080000000,1641933025,50FF6A068678545226181767,1641933604.624,2022-01-11 20:40:04.2C000000F80F00200044004080000000,513,4022,16928,2522,-38104,,
jar1,2C000000F80F00200044004080000000,1641933025,50FF6A068678545226181767,1641933604.635,2022-01-11 20:40:04.2C000000F80F00200044004080000000,507,4046,16928,2495,-38104,,
jar1,2C000000F80F00200044004080000000,1641933025,50FF6A068678545226181767,1641933604.647,2022-01-11 20:40:04.2C000000F80F00200044004080000000,518,4020,16928,4033,-38104,,
jar1,2C000000F80F00200044004080000000,1641933025,50FF6A068678545226181767,1641933604.659,2022-01-11 20:40:04.2C000000F80F00200044004080000000,514,4016,16928,2503,-38104,,
jar1,2C000000F80F00200044004080000000,1641933025,50FF6A068678545226181767,1641933604.715,2022-01-11 20:40:04.2C000000F80F00200044004080000000,509,4025,16928,2515,-38104,,
jar1,2C000000F80F00200044004080000000,1641933025,50FF6A068678545226181767,1641933604.726,2022-01-11 20:40:04.2C000000F80F00200044004080000000,513,4041,16928,2506,-38104,,
jar1,2C000000F80F00200044004080000000,1641933025,50FF6A068678545226181767,1641933604.738,2022-01-11 20:40:04.2C000000F80F00200044004080000000,512,4018,16928,2521,-38104,,
jar1,2C000000F80F00200044004080000000,1641933025,50FF6A068678545226181767,1641933604.750,2022-01-11 20:40:04.2C000000F80F00200044004080000000,508,4042,16928,2507,-38104,,
jar1,2C000000F80F00200044004080000000,1641933025,50FF6A068678545226181767,1641933604.761,2022-01-11 20:40:04.2C000000F80F00200044004080000000,514,4020,16928,2520,-38104,,
jar1,2C000000F80F00200044004080000000,1641933025,50FF6A068678545226181767,1641933604.779,2022-01-11 20:40:04.2C000000F80F00200044004080000000,512,4031,16928,2501,-38104,,
jar1,2C000000F80F00200044004080000000,1641933025,50FF6A068678545226181767,1641933604.835,2022-01-11 20:40:04.2C000000F80F00200044004080000000,510,4040,16928,2495,-38104,,
jar1,2C000000F80F00200044004080000000,1641933025,50FF6A068678545226181767,1641933604.847,2022-01-11 20:40:04.2C000000F80F00200044004080000000,515,4024,16928,2570,-38104,,
jar1,2C000000F80F00200044004080000000,1641933025,50FF6A068678545226181767,1641933604.858,2022-01-11 20:40:04.2C000000F80F00200044004080000000,506,4043,16928,2501,-38104,,
jar1,2C000000F80F00200044004080000000,1641933025,50FF6A068678545226181767,1641933604.870,2022-01-11 20:40:04.2C000000F80F00200044004080000000,517,4041,16928,2496,-38104,,
jar1,2C000000F80F00200044004080000000,1641933025,50FF6A068678545226181767,1641933604.882,2022-01-11 20:40:04.2C000000F80F00200044004080000000,505,4031,16928,2497,-38104,,
jar1,2C000000F80F00200044004080000000,1641933025,50FF6A068678545226181767,1641933604.893,2022-01-11 20:40:04.2C000000F80F00200044004080000000,520,4038,16928,4018,-38104,,
jar1,2C000000F80F00200044004080000000,1641933025,50FF6A068678545226181767,1641933604.950,2022-01-11 20:40:04.2C000000F80F00200044004080000000,510,4032,16928,4038,-38104,,
jar1,2C000000F80F00200044004080000000,1641933025,50FF6A068678545226181767,1641933604.961,2022-01-11 20:40:04.2C000000F80F00200044004080000000,516,4027,16928,2503,-38104,,
jar1,2C000000F80F00200044004080000000,1641933025,50FF6A068678545226181767,1641933604.973,2022-01-11 20:40:04.2C000000F80F00200044004080000000,511,4038,16928,4043,-38104,,
jar1,2C000000F80F00200044004080000000,1641933025,50FF6A068678545226181767,1641933604.991,2022-01-11 20:40:04.2C000000F80F00200044004080000000,516,4043,16928,4029,-38104,,
jar1,2C000000F80F00200044004080000000,1641933025,50FF6A068678545226181767,1641933605.002,2022-01-11 20:40:06.2C000000F80F00200044004080000000,508,4023,16928,2511,-38104,,
jar1,2C000000F80F00200044004080000000,1641933025,50FF6A068678545226181767,1641933605.058,2022-01-11 20:40:06.2C000000F80F00200044004080000000,519,4035,16928,2504,-38104,,
jar1,2C000000F80F00200044004080000000,1641933025,50FF6A068678545226181767,1641933605.070,2022-01-11 20:40:06.2C000000F80F00200044004080000000,510,4029,16928,4021,-38104,,
jar1,2C000000F80F00200044004080000000,1641933025,50FF6A068678545226181767,1641933605.082,2022-01-11 20:40:06.2C000000F80F00200044004080000000,516,4034,16928,2502,-38104,,
jar1,2C000000F80F00200044004080000000,1641933025,50FF6A068678545226181767,1641933605.093,2022-01-11 20:40:06.2C000000F80F00200044004080000000,513,4026,16928,2516,-38104,,
jar1,2C000000F80F00200044004080000000,1641933025,50FF6A068678545226181767,1641933605.105,2022-01-11 20:40:06.2C000000F80F00200044004080000000,510,4046,16928,4017,-38104,,
jar1,2C000000F80F00200044004080000000,1641933025,50FF6A068678545226181767,1641933605.117,2022-01-11 20:40:06.2C000000F80F00200044004080000000,519,4029,16928,2500,-38104,,
jar1,2C000000F80F00200044004080000000,1641933025,50FF6A068678545226181767,1641933605.173,2022-01-11 20:40:06.2C000000F80F00200044004080000000,508,4036,16928,4018,-38104,,
jar1,2C000000F80F00200044004080000000,1641933025,50FF6A068678545226181767,1641933605.184,2022-01-11 20:40:06.2C000000F80F00200044004080000000,515,4019,16928,2508,-38104,,
jar1,2C000000F80F00200044004080000000,1641933025,50FF6A068678545226181767,1641933605.202,2022-01-11 20:40:06.2C000000F80F00200044004080000000,507,4045,16928,2494,-38104,,
jar1,2C000000F80F00200044004080000000,1641933025,50FF6A068678545226181767,1641933605.214,2022-01-11 20:40:06.2C000000F80F00200044004080000000,514,4020,16928,2616,-38104,,
jar1,2C000000F80F00200044004080000000,1641933025,50FF6A068678545226181767,1641933605.225,2022-01-11 20:40:06.2C000000F80F00200044004080000000,509,4041,16928,2503,-38104,,
jar1,2C000000F80F00200044004080000000,1641933025,50FF6A068678545226181767,1641933605.237,2022-01-11 20:40:06.2C000000F80F00200044004080000000,519,4035,16928,2506,-38104,,
jar1,2C000000F80F00200044004080000000,1641933025,50FF6A068678545226181767,1641933605.293,2022-01-11 20:40:06.2C000000F80F00200044004080000000,508,4031,16928,2503,-38104,,
jar1,2C000000F80F00200044004080000000,1641933025,50FF6A068678545226181767,1641933605.305,2022-01-11 20:40:06.2C000000F80F00200044004080000000,513,4034,16928,2496,-38104,,
jar1,2C000000F80F00200044004080000000,1641933025,50FF6A068678545226181767,1641933605.317,2022-01-11 20:40:06.2C000000F80F00200044004080000000,511,4031,16928,2506,-38104,,
jar1,2C000000F80F00200044004080000000,1641933025,50FF6A068678545226181767,1641933605.328,2022-01-11 20:40:06.2C000000F80F00200044004080000000,516,4020,16928,2508,-38104,,
jar1,2C000000F80F00200044004080000000,1641933025,50FF6A068678545226181767,1641933605.340,2022-01-11 20:40:06.2C000000F80F00200044004080000000,509,4001,16928,4018,-38104,,
jar1,2C000000F80F00200044004080000000,1641933025,50FF6A068678545226181767,1641933605.352,2022-01-11 20:40:06.2C000000F80F00200044004080000000,519,4039,16928,2507,-38104,,
jar1,2C000000F80F00200044004080000000,1641933025,50FF6A068678545226181767,1641933605.414,2022-01-11 20:40:06.2C000000F80F00200044004080000000,510,4019,16928,2542,-38104,,
jar1,2C000000F80F00200044004080000000,1641933025,50FF6A068678545226181767,1641933605.425,2022-01-11 20:40:06.2C000000F80F00200044004080000000,516,4040,16928,2503,-38104,,
jar1,2C000000F80F00200044004080000000,1641933025,50FF6A068678545226181767,1641933605.437,2022-01-11 20:40:06.2C000000F80F00200044004080000000,511,4041,16928,2492,-38104,,
jar1,2C000000F80F00200044004080000000,1641933025,50FF6A068678545226181767,1641933605.449,2022-01-11 20:40:06.2C000000F80F00200044004080000000,516,4032,16928,4020,-38104,,
jar1,2C000000F80F00200044004080000000,1641933025,50FF6A068678545226181767,1641933605.460,2022-01-11 20:40:06.2C000000F80F00200044004080000000,509,4046,16928,2493,-38104,,
jar1,2C000000F80F00200044004080000000,1641933025,50FF6A068678545226181767,1641933605.516,2022-01-11 20:40:06.2C000000F80F00200044004080000000,521,4034,16928,2492,-38104,,
jar1,2C000000F80F00200044004080000000,1641933025,50FF6A068678545226181767,1641933605.528,2022-01-11 20:40:06.2C000000F80F00200044004080000000,509,4017,16928,2511,-38104,,
jar1,2C000000F80F00200044004080000000,1641933025,50FF6A068678545226181767,1641933605.540,2022-01-11 20:40:06.2C000000F80F00200044004080000000,514,4037,16928,2506,-38104,,
jar1,2C000000F80F00200044004080000000,1641933025,50FF6A068678545226181767,1641933605.552,2022-01-11 20:40:06.2C000000F80F00200044004080000000,512,4043,16928,2503,-38104,,
jar1,2C000000F80F00200044004080000000,1641933025,50FF6A068678545226181767,1641933605.563,2022-01-11 20:40:06.2C000000F80F00200044004080000000,508,4016,16928,4022,-38104,,
jar1,2C000000F80F00200044004080000000,1641933025,50FF6A068678545226181767,1641933605.581,2022-01-11 20:40:06.2C000000F80F00200044004080000000,516,4035,16928,2492,-38104,,
jar1,2C000000F80F00200044004080000000,1641933025,50FF6A068678545226181767,1641933605.637,2022-01-11 20:40:06.2C000000F80F00200044004080000000,509,4020,16928,4019,-38104,,
jar1,2C000000F80F00200044004080000000,1641933025,50FF6A068678545226181767,1641933605.648,2022-01-11 20:40:06.2C000000F80F00200044004080000000,513,4016,16928,2505,-38104,,
jar1,2C000000F80F00200044004080000000,1641933025,50FF6A068678545226181767,1641933605.660,2022-01-11 20:40:06.2C000000F80F00200044004080000000,508,4029,16928,4013,-38104,,
jar1,2C000000F80F00200044004080000000,1641933025,50FF6A068678545226181767,1641933605.672,2022-01-11 20:40:06.2C000000F80F00200044004080000000,511,4027,16928,2522,-38104,,
jar1,2C000000F80F00200044004080000000,1641933025,50FF6A068678545226181767,1641933605.684,2022-01-11 20:40:06.2C000000F80F00200044004080000000,513,4019,16928,4037,-38104,,
jar1,2C000000F80F00200044004080000000,1641933025,50FF6A068678545226181767,1641933605.695,2022-01-11 20:40:06.2C000000F80F00200044004080000000,511,4026,16928,2518,-38104,,
jar1,2C000000F80F00200044004080000000,1641933025,50FF6A068678545226181767,1641933605.751,2022-01-11 20:40:06.2C000000F80F00200044004080000000,516,4039,16928,4032,-38104,,
jar1,2C000000F80F00200044004080000000,1641933025,50FF6A068678545226181767,1641933605.763,2022-01-11 20:40:06.2C000000F80F00200044004080000000,511,4044,16928,2505,-38104,,
jar1,2C000000F80F00200044004080000000,1641933025,50FF6A068678545226181767,1641933605.775,2022-01-11 20:40:06.2C000000F80F00200044004080000000,512,4019,16928,4022,-38104,,
jar1,2C000000F80F00200044004080000000,1641933025,50FF6A068678545226181767,1641933605.792,2022-01-11 20:40:06.2C000000F80F00200044004080000000,507,4045,16928,2512,-38104,,
jar1,2C000000F80F00200044004080000000,1641933025,50FF6A068678545226181767,1641933605.804,2022-01-11 20:40:06.2C000000F80F00200044004080000000,512,3973,16928,4035,-38104,,
jar1,2C000000F80F00200044004080000000,1641933025,50FF6A068678545226181767,1641933605.815,2022-01-11 20:40:06.2C000000F80F00200044004080000000,516,4021,16928,2510,-38104,,
jar1,2C000000F80F00200044004080000000,1641933025,50FF6A068678545226181767,1641933605.853,2022-01-11 20:40:06.2C000000F80F00200044004080000000,510,4044,16928,2504,-38104,,
jar1,2C000000F80F00200044004080000000,1641933025,50FF6A068678545226181767,1641933605.865,2022-01-11 20:40:06.2C000000F80F00200044004080000000,515,4018,16928,2504,-38104,,
jar1,2C000000F80F00200044004080000000,1641933025,50FF6A068678545226181767,1641933605.876,2022-01-11 20:40:06.2C000000F80F00200044004080000000,508,4019,16928,2503,-38104,,
jar1,2C000000F80F00200044004080000000,1641933025,50FF6A068678545226181767,1641933605.888,2022-01-11 20:40:06.2C000000F80F00200044004080000000,512,4019,16928,2521,-38104,,
jar1,2C000000F80F00200044004080000000,1641933025,50FF6A068678545226181767,1641933605.900,2022-01-11 20:40:06.2C000000F80F00200044004080000000,507,4043,16928,4032,-38104,,
jar1,2C000000F80F00200044004080000000,1641933025,50FF6A068678545226181767,1641933605.971,2022-01-11 20:40:06.2C000000F80F00200044004080000000,520,4027,16928,4044,-38104,,
jar1,2C000000F80F00200044004080000000,1641933025,50FF6A068678545226181767,1641933605.983,2022-01-11 20:40:06.2C000000F80F00200044004080000000,511,4025,16928,2520,-38104,,
jar1,2C000000F80F00200044004080000000,1641933025,50FF6A068678545226181767,1641934204.010,2022-01-11 20:50:04.2C000000F80F00200044004080000000,283,4021,16928,2504,-38104,,
jar1,2C000000F80F00200044004080000000,1641933025,50FF6A068678545226181767,1641934204.022,2022-01-11 20:50:04.2C000000F80F00200044004080000000,488,4019,16928,2523,-38104,,
jar1,2C000000F80F00200044004080000000,1641933025,50FF6A068678545226181767,1641934204.034,2022-01-11 20:50:04.2C000000F80F00200044004080000000,512,4016,16928,4037,-38104,,
jar1,2C000000F80F00200044004080000000,1641933025,50FF6A068678545226181767,1641934204.045,2022-01-11 20:50:04.2C000000F80F00200044004080000000,508,4040,16928,2505,-38104,,
jar1,2C000000F80F00200044004080000000,1641933025,50FF6A068678545226181767,1641934204.057,2022-01-11 20:50:04.2C000000F80F00200044004080000000,510,4043,16928,2516,-38104,,
jar1,2C000000F80F00200044004080000000,1641933025,50FF6A068678545226181767,1641934204.069,2022-01-11 20:50:04.2C000000F80F00200044004080000000,516,4030,16928,4026,-38104,,
jar1,2C000000F80F00200044004080000000,1641933025,50FF6A068678545226181767,1641934204.157,2022-01-11 20:50:04.2C000000F80F00200044004080000000,517,4025,16928,4045,-38104,,
jar1,2C000000F80F00200044004080000000,1641933025,50FF6A068678545226181767,1641934204.169,2022-01-11 20:50:04.2C000000F80F00200044004080000000,508,4038,16928,2492,-38104,,
jar1,2C000000F80F00200044004080000000,1641933025,50FF6A068678545226181767,1641934204.181,2022-01-11 20:50:04.2C000000F80F00200044004080000000,516,4021,16928,2542,-38104,,
jar1,2C000000F80F00200044004080000000,1641933025,50FF6A068678545226181767,1641934204.192,2022-01-11 20:50:04.2C000000F80F00200044004080000000,507,4020,16928,2514,-38104,,
jar1,2C000000F80F00200044004080000000,1641933025,50FF6A068678545226181767,1641934204.210,2022-01-11 20:50:04.2C000000F80F00200044004080000000,517,4031,16928,4025,-38104,,
jar1,2C000000F80F00200044004080000000,1641933025,50FF6A068678545226181767,1641934204.222,2022-01-11 20:50:04.2C000000F80F00200044004080000000,518,4039,16928,2499,-38104,,
jar1,2C000000F80F00200044004080000000,1641933025,50FF6A068678545226181767,1641934204.278,2022-01-11 20:50:04.2C000000F80F00200044004080000000,504,4025,16928,2506,-38104,,
jar1,2C000000F80F00200044004080000000,1641933025,50FF6A068678545226181767,1641934204.289,2022-01-11 20:50:04.2C000000F80F00200044004080000000,512,4026,16928,4042,-38104,,
jar1,2C000000F80F00200044004080000000,1641933025,50FF6A068678545226181767,1641934204.301,2022-01-11 20:50:04.2C000000F80F00200044004080000000,508,4022,16928,2503,-38104,,
jar1,2C000000F80F00200044004080000000,1641933025,50FF6A068678545226181767,1641934204.313,2022-01-11 20:50:04.2C000000F80F00200044004080000000,514,4025,16928,2521,-38104,,
jar1,2C000000F80F00200044004080000000,1641933025,50FF6A068678545226181767,1641934204.324,2022-01-11 20:50:04.2C000000F80F00200044004080000000,509,4026,16928,2512,-38104,,
jar1,2C000000F80F00200044004080000000,1641933025,50FF6A068678545226181767,1641934204.336,2022-01-11 20:50:04.2C000000F80F00200044004080000000,517,4020,16928,2502,-38104,,
jar1,2C000000F80F00200044004080000000,1641933025,50FF6A068678545226181767,1641934204.392,2022-01-11 20:50:04.2C000000F80F00200044004080000000,508,4034,16928,2506,-38104,,
jar1,2C000000F80F00200044004080000000,1641933025,50FF6A068678545226181767,1641934204.404,2022-01-11 20:50:04.2C000000F80F00200044004080000000,512,4024,16928,4024,-38104,,
jar1,2C000000F80F00200044004080000000,1641933025,50FF6A068678545226181767,1641934204.421,2022-01-11 20:50:04.2C000000F80F00200044004080000000,513,4020,16928,2523,-38104,,
jar1,2C000000F80F00200044004080000000,1641933025,50FF6A068678545226181767,1641934204.433,2022-01-11 20:50:04.2C000000F80F00200044004080000000,510,4020,16928,2517,-38104,,
jar1,2C000000F80F00200044004080000000,1641933025,50FF6A068678545226181767,1641934204.445,2022-01-11 20:50:04.2C000000F80F00200044004080000000,516,4021,16928,4013,-38104,,
jar1,2C000000F80F00200044004080000000,1641933025,50FF6A068678545226181767,1641934204.457,2022-01-11 20:50:04.2C000000F80F00200044004080000000,517,4041,16928,2502,-38104,,
jar1,2C000000F80F00200044004080000000,1641933025,50FF6A068678545226181767,1641934204.513,2022-01-11 20:50:04.2C000000F80F00200044004080000000,513,4041,16928,4006,-38104,,
jar1,2C000000F80F00200044004080000000,1641933025,50FF6A068678545226181767,1641934204.524,2022-01-11 20:50:04.2C000000F80F00200044004080000000,512,4044,16928,2496,-38104,,
jar1,2C000000F80F00200044004080000000,1641933025,50FF6A068678545226181767,1641934204.536,2022-01-11 20:50:04.2C000000F80F00200044004080000000,509,4036,16928,2501,-38104,,
jar1,2C000000F80F00200044004080000000,1641933025,50FF6A068678545226181767,1641934204.548,2022-01-11 20:50:04.2C000000F80F00200044004080000000,511,4040,16928,4039,-38104,,
jar1,2C000000F80F00200044004080000000,1641933025,50FF6A068678545226181767,1641934204.559,2022-01-11 20:50:04.2C000000F80F00200044004080000000,517,4028,16928,2500,-38104,,
jar1,2C000000F80F00200044004080000000,1641933025,50FF6A068678545226181767,1641934204.616,2022-01-11 20:50:04.2C000000F80F00200044004080000000,515,4040,16928,2500,-38104,,
jar1,2C000000F80F00200044004080000000,1641933025,50FF6A068678545226181767,1641934204.633,2022-01-11 20:50:04.2C000000F80F00200044004080000000,511,4044,16928,2506,-38104,,
jar1,2C000000F80F00200044004080000000,1641933025,50FF6A068678545226181767,1641934204.645,2022-01-11 20:50:04.2C000000F80F00200044004080000000,515,4023,16928,2520,-38104,,
jar1,2C000000F80F00200044004080000000,1641933025,50FF6A068678545226181767,1641934204.656,2022-01-11 20:50:04.2C000000F80F00200044004080000000,512,4020,16928,4039,-38104,,
jar1,2C000000F80F00200044004080000000,1641933025,50FF6A068678545226181767,1641934204.668,2022-01-11 20:50:04.2C000000F80F00200044004080000000,510,4040,16928,2498,-38104,,
jar1,2C000000F80F00200044004080000000,1641933025,50FF6A068678545226181767,1641934204.680,2022-01-11 20:50:04.2C000000F80F00200044004080000000,516,4022,16928,2513,-38104,,
jar1,2C000000F80F00200044004080000000,1641933025,50FF6A068678545226181767,1641934204.736,2022-01-11 20:50:04.2C000000F80F00200044004080000000,506,4018,16928,2503,-38104,,
jar1,2C000000F80F00200044004080000000,1641933025,50FF6A068678545226181767,1641934204.748,2022-01-11 20:50:04.2C000000F80F00200044004080000000,513,4042,16928,2490,-38104,,
jar1,2C000000F80F00200044004080000000,1641933025,50FF6A068678545226181767,1641934204.759,2022-01-11 20:50:04.2C000000F80F00200044004080000000,512,4015,16928,2513,-38104,,
jar1,2C000000F80F00200044004080000000,1641933025,50FF6A068678545226181767,1641934204.771,2022-01-11 20:50:04.2C000000F80F00200044004080000000,511,4039,16928,2503,-38104,,
jar1,2C000000F80F00200044004080000000,1641933025,50FF6A068678545226181767,1641934204.783,2022-01-11 20:50:04.2C000000F80F00200044004080000000,510,3969,16928,4017,-38104,,
jar1,2C000000F80F00200044004080000000,1641933025,50FF6A068678545226181767,1641934204.800,2022-01-11 20:50:04.2C000000F80F00200044004080000000,522,4016,16928,4045,-38104,,
jar1,2C000000F80F00200044004080000000,1641933025,50FF6A068678545226181767,1641934204.856,2022-01-11 20:50:04.2C000000F80F00200044004080000000,507,4019,16928,2529,-38104,,
jar1,2C000000F80F00200044004080000000,1641933025,50FF6A068678545226181767,1641934204.868,2022-01-11 20:50:04.2C000000F80F00200044004080000000,514,3973,16928,4021,-38104,,
jar1,2C000000F80F00200044004080000000,1641933025,50FF6A068678545226181767,1641934204.880,2022-01-11 20:50:04.2C000000F80F00200044004080000000,507,4020,16928,2517,-38104,,
jar1,2C000000F80F00200044004080000000,1641933025,50FF6A068678545226181767,1641934204.891,2022-01-11 20:50:04.2C000000F80F00200044004080000000,510,4018,16928,2588,-38104,,
jar1,2C000000F80F00200044004080000000,1641933025,50FF6A068678545226181767,1641934204.903,2022-01-11 20:50:04.2C000000F80F00200044004080000000,516,4016,16928,2509,-38104,,
jar1,2C000000F80F00200044004080000000,1641933025,50FF6A068678545226181767,1641934204.915,2022-01-11 20:50:04.2C000000F80F00200044004080000000,512,4029,16928,4029,-38104,,
jar1,2C000000F80F00200044004080000000,1641933025,50FF6A068678545226181767,1641934204.951,2022-01-11 20:50:04.2C000000F80F00200044004080000000,509,4027,16928,2508,-38104,,
jar1,2C000000F80F00200044004080000000,1641933025,50FF6A068678545226181767,1641934204.963,2022-01-11 20:50:04.2C000000F80F00200044004080000000,512,4044,16928,2503,-38104,,
jar1,2C000000F80F00200044004080000000,1641933025,50FF6A068678545226181767,1641934204.974,2022-01-11 20:50:04.2C000000F80F00200044004080000000,511,4027,16928,4021,-38104,,
jar1,2C000000F80F00200044004080000000,1641933025,50FF6A068678545226181767,1641934204.992,2022-01-11 20:50:04.2C000000F80F00200044004080000000,514,4021,16928,2520,-38104,,
jar1,2C000000F80F00200044004080000000,1641933025,50FF6A068678545226181767,1641934205.004,2022-01-11 20:50:06.2C000000F80F00200044004080000000,508,4019,16928,4019,-38104,,
jar1,2C000000F80F00200044004080000000,1641933025,50FF6A068678545226181767,1641934205.060,2022-01-11 20:50:06.2C000000F80F00200044004080000000,521,4030,16928,4018,-38104,,
jar1,2C000000F80F00200044004080000000,1641933025,50FF6A068678545226181767,1641934205.072,2022-01-11 20:50:06.2C000000F80F00200044004080000000,506,4034,16928,2488,-38104,,
jar1,2C000000F80F00200044004080000000,1641933025,50FF6A068678545226181767,1641934205.083,2022-01-11 20:50:06.2C000000F80F00200044004080000000,514,4027,16928,4044,-38104,,
jar1,2C000000F80F00200044004080000000,1641933025,50FF6A068678545226181767,1641934205.095,2022-01-11 20:50:06.2C000000F80F00200044004080000000,507,4034,16928,2490,-38104,,
jar1,2C000000F80F00200044004080000000,1641933025,50FF6A068678545226181767,1641934205.107,2022-01-11 20:50:06.2C000000F80F00200044004080000000,513,4044,16928,2490,-38104,,
jar1,2C000000F80F00200044004080000000,1641933025,50FF6A068678545226181767,1641934205.119,2022-01-11 20:50:06.2C000000F80F00200044004080000000,512,4032,16928,4019,-38104,,
jar1,2C000000F80F00200044004080000000,1641933025,50FF6A068678545226181767,1641934205.175,2022-01-11 20:50:06.2C000000F80F00200044004080000000,513,4042,16928,4016,-38104,,
jar1,2C000000F80F00200044004080000000,1641933025,50FF6A068678545226181767,1641934205.186,2022-01-11 20:50:06.2C000000F80F00200044004080000000,508,4030,16928,2504,-38104,,
jar1,2C000000F80F00200044004080000000,1641933025,50FF6A068678545226181767,1641934205.204,2022-01-11 20:50:06.2C000000F80F00200044004080000000,514,4033,16928,2506,-38104,,
jar1,2C000000F80F00200044004080000000,1641933025,50FF6A068678545226181767,1641934205.216,2022-01-11 20:50:06.2C000000F80F00200044004080000000,509,4036,16928,2501,-38104,,
jar1,2C000000F80F00200044004080000000,1641933025,50FF6A068678545226181767,1641934205.227,2022-01-11 20:50:06.2C000000F80F00200044004080000000,513,4016,16928,4043,-38104,,
jar1,2C000000F80F00200044004080000000,1641933025,50FF6A068678545226181767,1641934205.239,2022-01-11 20:50:06.2C000000F80F00200044004080000000,517,4045,16928,2508,-38104,,
jar1,2C000000F80F00200044004080000000,1641933025,50FF6A068678545226181767,1641934205.295,2022-01-11 20:50:06.2C000000F80F00200044004080000000,509,4031,16928,4032,-38104,,
jar1,2C000000F80F00200044004080000000,1641933025,50FF6A068678545226181767,1641934205.307,2022-01-11 20:50:06.2C000000F80F00200044004080000000,516,4023,16928,2508,-38104,,
jar1,2C000000F80F00200044004080000000,1641933025,50FF6A068678545226181767,1641934205.318,2022-01-11 20:50:06.2C000000F80F00200044004080000000,508,4045,16928,2504,-38104,,
jar1,2C000000F80F00200044004080000000,1641933025,50FF6A068678545226181767,1641934205.330,2022-01-11 20:50:06.2C000000F80F00200044004080000000,514,4030,16928,4036,-38104,,
jar1,2C000000F80F00200044004080000000,1641933025,50FF6A068678545226181767,1641934205.342,2022-01-11 20:50:06.2C000000F80F00200044004080000000,511,4022,16928,2502,-38104,,
jar1,2C000000F80F00200044004080000000,1641933025,50FF6A068678545226181767,1641934205.354,2022-01-11 20:50:06.2C000000F80F00200044004080000000,518,4035,16928,4031,-38104,,
jar1,2C000000F80F00200044004080000000,1641933025,50FF6A068678545226181767,1641934205.415,2022-01-11 20:50:06.2C000000F80F00200044004080000000,511,4028,16928,2502,-38104,,
jar1,2C000000F80F00200044004080000000,1641933025,50FF6A068678545226181767,1641934205.427,2022-01-11 20:50:06.2C000000F80F00200044004080000000,514,4043,16928,4018,-38104,,
jar1,2C000000F80F00200044004080000000,1641933025,50FF6A068678545226181767,1641934205.439,2022-01-11 20:50:06.2C000000F80F00200044004080000000,513,4034,16928,2498,-38104,,
jar1,2C000000F80F00200044004080000000,1641933025,50FF6A068678545226181767,1641934205.450,2022-01-11 20:50:06.2C000000F80F00200044004080000000,510,4022,16928,2518,-38104,,
jar1,2C000000F80F00200044004080000000,1641933025,50FF6A068678545226181767,1641934205.462,2022-01-11 20:50:06.2C000000F80F00200044004080000000,513,4037,16928,4017,-38104,,
jar1,2C000000F80F00200044004080000000,1641933025,50FF6A068678545226181767,1641934205.518,2022-01-11 20:50:06.2C000000F80F00200044004080000000,518,4037,16928,2500,-38104,,
jar1,2C000000F80F00200044004080000000,1641933025,50FF6A068678545226181767,1641934205.530,2022-01-11 20:50:06.2C000000F80F00200044004080000000,505,4039,16928,4044,-38104,,
jar1,2C000000F80F00200044004080000000,1641933025,50FF6A068678545226181767,1641934205.542,2022-01-11 20:50:06.2C000000F80F00200044004080000000,518,4039,16928,2490,-38104,,
jar1,2C000000F80F00200044004080000000,1641933025,50FF6A068678545226181767,1641934205.553,2022-01-11 20:50:06.2C000000F80F00200044004080000000,510,4022,16928,2519,-38104,,
jar1,2C000000F80F00200044004080000000,1641933025,50FF6A068678545226181767,1641934205.565,2022-01-11 20:50:06.2C000000F80F00200044004080000000,513,4037,16928,4032,-38104,,
jar1,2C000000F80F00200044004080000000,1641933025,50FF6A068678545226181767,1641934205.583,2022-01-11 20:50:06.2C000000F80F00200044004080000000,514,4045,16928,4022,-38104,,
jar1,2C000000F80F00200044004080000000,1641933025,50FF6A068678545226181767,1641934205.639,2022-01-11 20:50:06.2C000000F80F00200044004080000000,512,4042,16928,2527,-38104,,
jar1,2C000000F80F00200044004080000000,1641933025,50FF6A068678545226181767,1641934205.650,2022-01-11 20:50:06.2C000000F80F00200044004080000000,514,4032,16928,2501,-38104,,
jar1,2C000000F80F00200044004080000000,1641933025,50FF6A068678545226181767,1641934205.662,2022-01-11 20:50:06.2C000000F80F00200044004080000000,508,4034,16928,2502,-38104,,
jar1,2C000000F80F00200044004080000000,1641933025,50FF6A068678545226181767,1641934205.674,2022-01-11 20:50:06.2C000000F80F00200044004080000000,514,4023,16928,4021,-38104,,
jar1,2C000000F80F00200044004080000000,1641933025,50FF6A068678545226181767,1641934205.686,2022-01-11 20:50:06.2C000000F80F00200044004080000000,509,4021,16928,2514,-38104,,
jar1,2C000000F80F00200044004080000000,1641933025,50FF6A068678545226181767,1641934205.697,2022-01-11 20:50:06.2C000000F80F00200044004080000000,517,4044,16928,2507,-38104,,
jar1,2C000000F80F00200044004080000000,1641933025,50FF6A068678545226181767,1641934205.753,2022-01-11 20:50:06.2C000000F80F00200044004080000000,507,4044,16928,2508,-38104,,
jar1,2C000000F80F00200044004080000000,1641933025,50FF6A068678545226181767,1641934205.765,2022-01-11 20:50:06.2C000000F80F00200044004080000000,515,4018,16928,2521,-38104,,
jar1,2C000000F80F00200044004080000000,1641933025,50FF6A068678545226181767,1641934205.777,2022-01-11 20:50:06.2C000000F80F00200044004080000000,511,4029,16928,2492,-38104,,
jar1,2C000000F80F00200044004080000000,1641933025,50FF6A068678545226181767,1641934205.794,2022-01-11 20:50:06.2C000000F80F00200044004080000000,516,4031,16928,2504,-38104,,
jar1,2C000000F80F00200044004080000000,1641933025,50FF6A068678545226181767,1641934205.806,2022-01-11 20:50:06.2C000000F80F00200044004080000000,511,4017,16928,2527,-38104,,
jar1,2C000000F80F00200044004080000000,1641933025,50FF6A068678545226181767,1641934205.818,2022-01-11 20:50:06.2C000000F80F00200044004080000000,517,3977,16928,4017,-38104,,
jar1,2C000000F80F00200044004080000000,1641933025,50FF6A068678545226181767,1641934205.874,2022-01-11 20:50:06.2C000000F80F00200044004080000000,510,4044,16928,2508,-38104,,
jar1,2C000000F80F00200044004080000000,1641933025,50FF6A068678545226181767,1641934205.886,2022-01-11 20:50:06.2C000000F80F00200044004080000000,514,4029,16928,2510,-38104,,
jar1,2C000000F80F00200044004080000000,1641933025,50FF6A068678545226181767,1641934205.898,2022-01-11 20:50:06.2C000000F80F00200044004080000000,515,4046,16928,2507,-38104,,
jar1,2C000000F80F00200044004080000000,1641933025,50FF6A068678545226181767,1641934205.909,2022-01-11 20:50:06.2C000000F80F00200044004080000000,508,4010,16928,4019,-38104,,
jar1,2C000000F80F00200044004080000000,1641933025,50FF6A068678545226181767,1641934205.921,2022-01-11 20:50:06.2C000000F80F00200044004080000000,518,4028,16928,2520,-38104,,
jar1,2C000000F80F00200044004080000000,1641933025,50FF6A068678545226181767,1641934205.977,2022-01-11 20:50:06.2C000000F80F00200044004080000000,511,4031,16928,2501,-38104,,
jar1,2C000000F80F00200044004080000000,1641933025,50FF6A068678545226181767,1641934205.989,2022-01-11 20:50:06.2C000000F80F00200044004080000000,516,4020,16928,2504,-38104,,
jar1,2C000000F80F00200044004080000000,1641933025,50FF6A068678545226181767,1641934805.009,2022-01-11 21:00:05.2C000000F80F00200044004080000000,285,4016,16928,2498,-38104,,
jar1,2C000000F80F00200044004080000000,1641933025,50FF6A068678545226181767,1641934805.021,2022-01-11 21:00:05.2C000000F80F00200044004080000000,490,4032,16928,4020,-38104,,
jar1,2C000000F80F00200044004080000000,1641933025,50FF6A068678545226181767,1641934805.033,2022-01-11 21:00:05.2C000000F80F00200044004080000000,512,4019,16928,2508,-38104,,
jar1,2C000000F80F00200044004080000000,1641933025,50FF6A068678545226181767,1641934805.045,2022-01-11 21:00:05.2C000000F80F00200044004080000000,506,4020,16928,2513,-38104,,
jar1,2C000000F80F00200044004080000000,1641933025,50FF6A068678545226181767,1641934805.056,2022-01-11 21:00:05.2C000000F80F00200044004080000000,516,4029,16928,4046,-38104,,
jar1,2C000000F80F00200044004080000000,1641933025,50FF6A068678545226181767,1641934805.068,2022-01-11 21:00:05.2C000000F80F00200044004080000000,506,4040,16928,2498,-38104,,
jar1,2C000000F80F00200044004080000000,1641933025,50FF6A068678545226181767,1641934805.137,2022-01-11 21:00:05.2C000000F80F00200044004080000000,518,4021,16928,2517,-38104,,
jar1,2C000000F80F00200044004080000000,1641933025,50FF6A068678545226181767,1641934805.149,2022-01-11 21:00:05.2C000000F80F00200044004080000000,507,4029,16928,2522,-38104,,
jar1,2C000000F80F00200044004080000000,1641933025,50FF6A068678545226181767,1641934805.160,2022-01-11 21:00:05.2C000000F80F00200044004080000000,515,4019,16928,2502,-38104,,
jar1,2C000000F80F00200044004080000000,1641933025,50FF6A068678545226181767,1641934805.172,2022-01-11 21:00:05.2C000000F80F00200044004080000000,509,4039,16928,2558,-38104,,
jar1,2C000000F80F00200044004080000000,1641933025,50FF6A068678545226181767,1641934805.190,2022-01-11 21:00:05.2C000000F80F00200044004080000000,515,4033,16928,2494,-38104,,
jar1,2C000000F80F00200044004080000000,1641933025,50FF6A068678545226181767,1641934805.201,2022-01-11 21:00:05.2C000000F80F00200044004080000000,512,4026,16928,4037,-38104,,
jar1,2C000000F80F00200044004080000000,1641933025,50FF6A068678545226181767,1641934805.257,2022-01-11 21:00:05.2C000000F80F00200044004080000000,508,4040,16928,4016,-38104,,
jar1,2C000000F80F00200044004080000000,1641933025,50FF6A068678545226181767,1641934805.269,2022-01-11 21:00:05.2C000000F80F00200044004080000000,515,4019,16928,2502,-38104,,
jar1,2C000000F80F00200044004080000000,1641933025,50FF6A068678545226181767,1641934805.281,2022-01-11 21:00:05.2C000000F80F00200044004080000000,508,4037,16928,4042,-38104,,
jar1,2C000000F80F00200044004080000000,1641933025,50FF6A068678545226181767,1641934805.292,2022-01-11 21:00:05.2C000000F80F00200044004080000000,516,4023,16928,2519,-38104,,
jar1,2C000000F80F00200044004080000000,1641933025,50FF6A068678545226181767,1641934805.304,2022-01-11 21:00:05.2C000000F80F00200044004080000000,509,4044,16928,2500,-38104,,
jar1,2C000000F80F00200044004080000000,1641933025,50FF6A068678545226181767,1641934805.316,2022-01-11 21:00:05.2C000000F80F00200044004080000000,517,4021,16928,4034,-38104,,
jar1,2C000000F80F00200044004080000000,1641933025,50FF6A068678545226181767,1641934805.372,2022-01-11 21:00:05.2C000000F80F00200044004080000000,512,4037,16928,2502,-38104,,
jar1,2C000000F80F00200044004080000000,1641933025,50FF6A068678545226181767,1641934805.384,2022-01-11 21:00:05.2C000000F80F00200044004080000000,512,4044,16928,2492,-38104,,
jar1,2C000000F80F00200044004080000000,1641933025,50FF6A068678545226181767,1641934805.401,2022-01-11 21:00:05.2C000000F80F00200044004080000000,513,4035,16928,4019,-38104,,
jar1,2C000000F80F00200044004080000000,1641933025,50FF6A068678545226181767,1641934805.413,2022-01-11 21:00:05.2C000000F80F00200044004080000000,507,4041,16928,2505,-38104,,
jar1,2C000000F80F00200044004080000000,1641933025,50FF6A068678545226181767,1641934805.424,2022-01-11 21:00:05.2C000000F80F00200044004080000000,515,4024,16928,4023,-38104,,
jar1,2C000000F80F00200044004080000000,1641933025,50FF6A068678545226181767,1641934805.436,2022-01-11 21:00:05.2C000000F80F00200044004080000000,512,4035,16928,2487,-38104,,
jar1,2C000000F80F00200044004080000000,1641933025,50FF6A068678545226181767,1641934805.492,2022-01-11 21:00:05.2C000000F80F00200044004080000000,512,4023,16928,2522,-38104,,
jar1,2C000000F80F00200044004080000000,1641933025,50FF6A068678545226181767,1641934805.504,2022-01-11 21:00:05.2C000000F80F00200044004080000000,509,4039,16928,2524,-38104,,
jar1,2C000000F80F00200044004080000000,1641933025,50FF6A068678545226181767,1641934805.515,2022-01-11 21:00:05.2C000000F80F00200044004080000000,518,4026,16928,2513,-38104,,
jar1,2C000000F80F00200044004080000000,1641933025,50FF6A068678545226181767,1641934805.527,2022-01-11 21:00:05.2C000000F80F00200044004080000000,508,4040,16928,2490,-38104,,
jar1,2C000000F80F00200044004080000000,1641933025,50FF6A068678545226181767,1641934805.539,2022-01-11 21:00:05.2C000000F80F00200044004080000000,514,4016,16928,2507,-38104,,
jar1,2C000000F80F00200044004080000000,1641933025,50FF6A068678545226181767,1641934805.595,2022-01-11 21:00:05.2C000000F80F00200044004080000000,513,4045,16928,2502,-38104,,
jar1,2C000000F80F00200044004080000000,1641933025,50FF6A068678545226181767,1641934805.612,2022-01-11 21:00:05.2C000000F80F00200044004080000000,508,4036,16928,2496,-38104,,
jar1,2C000000F80F00200044004080000000,1641933025,50FF6A068678545226181767,1641934805.624,2022-01-11 21:00:05.2C000000F80F00200044004080000000,513,4035,16928,3970,-38104,,
jar1,2C000000F80F00200044004080000000,1641933025,50FF6A068678545226181767,1641934805.636,2022-01-11 21:00:05.2C000000F80F00200044004080000000,510,4031,16928,2491,-38104,,
jar1,2C000000F80F00200044004080000000,1641933025,50FF6A068678545226181767,1641934805.648,2022-01-11 21:00:05.2C000000F80F00200044004080000000,512,4036,16928,2508,-38104,,
jar1,2C000000F80F00200044004080000000,1641933025,50FF6A068678545226181767,1641934805.659,2022-01-11 21:00:05.2C000000F80F00200044004080000000,515,4034,16928,2511,-38104,,
jar1,2C000000F80F00200044004080000000,1641933025,50FF6A068678545226181767,1641934805.715,2022-01-11 21:00:05.2C000000F80F00200044004080000000,512,4017,16928,2515,-38104,,
jar1,2C000000F80F00200044004080000000,1641933025,50FF6A068678545226181767,1641934805.727,2022-01-11 21:00:05.2C000000F80F00200044004080000000,507,4046,16928,4020,-38104,,
jar1,2C000000F80F00200044004080000000,1641933025,50FF6A068678545226181767,1641934805.738,2022-01-11 21:00:05.2C000000F80F00200044004080000000,515,3976,16928,3193,-38104,,
jar1,2C000000F80F00200044004080000000,1641933025,50FF6A068678545226181767,1641934805.750,2022-01-11 21:00:05.2C000000F80F00200044004080000000,505,4028,16928,2507,-38104,,
jar1,2C000000F80F00200044004080000000,1641933025,50FF6A068678545226181767,1641934805.762,2022-01-11 21:00:05.2C000000F80F00200044004080000000,513,4032,16928,2500,-38104,,
jar1,2C000000F80F00200044004080000000,1641933025,50FF6A068678545226181767,1641934805.779,2022-01-11 21:00:05.2C000000F80F00200044004080000000,514,4045,16928,4035,-38104,,
jar1,2C000000F80F00200044004080000000,1641933025,50FF6A068678545226181767,1641934805.835,2022-01-11 21:00:05.2C000000F80F00200044004080000000,511,4037,16928,4037,-38104,,
jar1,2C000000F80F00200044004080000000,1641933025,50FF6A068678545226181767,1641934805.847,2022-01-11 21:00:05.2C000000F80F00200044004080000000,515,4046,16928,2496,-38104,,
jar1,2C000000F80F00200044004080000000,1641933025,50FF6A068678545226181767,1641934805.859,2022-01-11 21:00:05.2C000000F80F00200044004080000000,512,4045,16928,2489,-38104,,
jar1,2C000000F80F00200044004080000000,1641933025,50FF6A068678545226181767,1641934805.870,2022-01-11 21:00:05.2C000000F80F00200044004080000000,514,4016,16928,4037,-38104,,
jar1,2C000000F80F00200044004080000000,1641933025,50FF6A068678545226181767,1641934805.882,2022-01-11 21:00:05.2C000000F80F00200044004080000000,509,4021,16928,2513,-38104,,
jar1,2C000000F80F00200044004080000000,1641933025,50FF6A068678545226181767,1641934805.894,2022-01-11 21:00:05.2C000000F80F00200044004080000000,523,4037,16928,2495,-38104,,
jar1,2C000000F80F00200044004080000000,1641933025,50FF6A068678545226181767,1641934805.950,2022-01-11 21:00:05.2C000000F80F00200044004080000000,510,4022,16928,2504,-38104,,
jar1,2C000000F80F00200044004080000000,1641933025,50FF6A068678545226181767,1641934805.962,2022-01-11 21:00:05.2C000000F80F00200044004080000000,515,4018,16928,4024,-38104,,
jar1,2C000000F80F00200044004080000000,1641933025,50FF6A068678545226181767,1641934805.973,2022-01-11 21:00:05.2C000000F80F00200044004080000000,507,4039,16928,2489,-38104,,
jar1,2C000000F80F00200044004080000000,1641933025,50FF6A068678545226181767,1641934805.991,2022-01-11 21:00:05.2C000000F80F00200044004080000000,515,4027,16928,2514,-38104,,
jar1,2C000000F80F00200044004080000000,1641933025,50FF6A068678545226181767,1641934806.002,2022-01-11 21:00:07.2C000000F80F00200044004080000000,505,4024,16928,3970,-38104,,
jar1,2C000000F80F00200044004080000000,1641933025,50FF6A068678545226181767,1641934806.059,2022-01-11 21:00:07.2C000000F80F00200044004080000000,518,4002,16928,2520,-38104,,
jar1,2C000000F80F00200044004080000000,1641933025,50FF6A068678545226181767,1641934806.070,2022-01-11 21:00:07.2C000000F80F00200044004080000000,509,4043,16928,2500,-38104,,
jar1,2C000000F80F00200044004080000000,1641933025,50FF6A068678545226181767,1641934806.082,2022-01-11 21:00:07.2C000000F80F00200044004080000000,515,4013,16928,4024,-38104,,
jar1,2C000000F80F00200044004080000000,1641933025,50FF6A068678545226181767,1641934806.094,2022-01-11 21:00:07.2C000000F80F00200044004080000000,508,4043,16928,2504,-38104,,
jar1,2C000000F80F00200044004080000000,1641933025,50FF6A068678545226181767,1641934806.105,2022-01-11 21:00:07.2C000000F80F00200044004080000000,515,4023,16928,2522,-38104,,
jar1,2C000000F80F00200044004080000000,1641933025,50FF6A068678545226181767,1641934806.117,2022-01-11 21:00:07.2C000000F80F00200044004080000000,516,4042,16928,2498,-38104,,
jar1,2C000000F80F00200044004080000000,1641933025,50FF6A068678545226181767,1641934806.173,2022-01-11 21:00:07.2C000000F80F00200044004080000000,512,4018,16928,4040,-38104,,
jar1,2C000000F80F00200044004080000000,1641933025,50FF6A068678545226181767,1641934806.185,2022-01-11 21:00:07.2C000000F80F00200044004080000000,509,4045,16928,2496,-38104,,
jar1,2C000000F80F00200044004080000000,1641933025,50FF6A068678545226181767,1641934806.202,2022-01-11 21:00:07.2C000000F80F00200044004080000000,513,4045,16928,2508,-38104,,
jar1,2C000000F80F00200044004080000000,1641933025,50FF6A068678545226181767,1641934806.214,2022-01-11 21:00:07.2C000000F80F00200044004080000000,507,4018,16928,2509,-38104,,
jar1,2C000000F80F00200044004080000000,1641933025,50FF6A068678545226181767,1641934806.225,2022-01-11 21:00:07.2C000000F80F00200044004080000000,516,4019,16928,4019,-38104,,
jar1,2C000000F80F00200044004080000000,1641933025,50FF6A068678545226181767,1641934806.237,2022-01-11 21:00:07.2C000000F80F00200044004080000000,515,4019,16928,2520,-38104,,
jar1,2C000000F80F00200044004080000000,1641933025,50FF6A068678545226181767,1641934806.293,2022-01-11 21:00:07.2C000000F80F00200044004080000000,510,4026,16928,4029,-38104,,
jar1,2C000000F80F00200044004080000000,1641933025,50FF6A068678545226181767,1641934806.305,2022-01-11 21:00:07.2C000000F80F00200044004080000000,515,4044,16928,2508,-38104,,
jar1,2C000000F80F00200044004080000000,1641933025,50FF6A068678545226181767,1641934806.316,2022-01-11 21:00:07.2C000000F80F00200044004080000000,513,4028,16928,4023,-38104,,
jar1,2C000000F80F00200044004080000000,1641933025,50FF6A068678545226181767,1641934806.328,2022-01-11 21:00:07.2C000000F80F00200044004080000000,511,4037,16928,2492,-38104,,
jar1,2C000000F80F00200044004080000000,1641933025,50FF6A068678545226181767,1641934806.340,2022-01-11 21:00:07.2C000000F80F00200044004080000000,516,4045,16928,2506,-38104,,
jar1,2C000000F80F00200044004080000000,1641933025,50FF6A068678545226181767,1641934806.351,2022-01-11 21:00:07.2C000000F80F00200044004080000000,514,4044,16928,4035,-38104,,
jar1,2C000000F80F00200044004080000000,1641933025,50FF6A068678545226181767,1641934806.414,2022-01-11 21:00:07.2C000000F80F00200044004080000000,508,4033,16928,2488,-38104,,
jar1,2C000000F80F00200044004080000000,1641933025,50FF6A068678545226181767,1641934806.425,2022-01-11 21:00:07.2C000000F80F00200044004080000000,512,4044,16928,2497,-38104,,
jar1,2C000000F80F00200044004080000000,1641933025,50FF6A068678545226181767,1641934806.437,2022-01-11 21:00:07.2C000000F80F00200044004080000000,511,4030,16928,2502,-38104,,
jar1,2C000000F80F00200044004080000000,1641933025,50FF6A068678545226181767,1641934806.449,2022-01-11 21:00:07.2C000000F80F00200044004080000000,509,4015,16928,4041,-38104,,
jar1,2C000000F80F00200044004080000000,1641933025,50FF6A068678545226181767,1641934806.460,2022-01-11 21:00:07.2C000000F80F00200044004080000000,517,4028,16928,2502,-38104,,
jar1,2C000000F80F00200044004080000000,1641933025,50FF6A068678545226181767,1641934806.516,2022-01-11 21:00:07.2C000000F80F00200044004080000000,512,4029,16928,2510,-38104,,
jar1,2C000000F80F00200044004080000000,1641933025,50FF6A068678545226181767,1641934806.528,2022-01-11 21:00:07.2C000000F80F00200044004080000000,506,4018,16928,4029,-38104,,
jar1,2C000000F80F00200044004080000000,1641933025,50FF6A068678545226181767,1641934806.540,2022-01-11 21:00:07.2C000000F80F00200044004080000000,517,4038,16928,2488,-38104,,
jar1,2C000000F80F00200044004080000000,1641933025,50FF6A068678545226181767,1641934806.552,2022-01-11 21:00:07.2C000000F80F00200044004080000000,510,4037,16928,2493,-38104,,
jar1,2C000000F80F00200044004080000000,1641933025,50FF6A068678545226181767,1641934806.563,2022-01-11 21:00:07.2C000000F80F00200044004080000000,513,4046,16928,4043,-38104,,
jar1,2C000000F80F00200044004080000000,1641933025,50FF6A068678545226181767,1641934806.581,2022-01-11 21:00:07.2C000000F80F00200044004080000000,512,4028,16928,2516,-38104,,
jar1,2C000000F80F00200044004080000000,1641933025,50FF6A068678545226181767,1641934806.618,2022-01-11 21:00:07.2C000000F80F00200044004080000000,507,4046,16928,2511,-38104,,
jar1,2C000000F80F00200044004080000000,1641933025,50FF6A068678545226181767,1641934806.630,2022-01-11 21:00:07.2C000000F80F00200044004080000000,512,4036,16928,2507,-38104,,
jar1,2C000000F80F00200044004080000000,1641933025,50FF6A068678545226181767,1641934806.642,2022-01-11 21:00:07.2C000000F80F00200044004080000000,509,4038,16928,2492,-38104,,
jar1,2C000000F80F00200044004080000000,1641933025,50FF6A068678545226181767,1641934806.654,2022-01-11 21:00:07.2C000000F80F00200044004080000000,514,4045,16928,2500,-38104,,
jar1,2C000000F80F00200044004080000000,1641933025,50FF6A068678545226181767,1641934806.665,2022-01-11 21:00:07.2C000000F80F00200044004080000000,508,4025,16928,4036,-38104,,
jar1,2C000000F80F00200044004080000000,1641933025,50FF6A068678545226181767,1641934806.677,2022-01-11 21:00:07.2C000000F80F00200044004080000000,519,4030,16928,2509,-38104,,
jar1,2C000000F80F00200044004080000000,1641933025,50FF6A068678545226181767,1641934806.733,2022-01-11 21:00:07.2C000000F80F00200044004080000000,508,4042,16928,2506,-38104,,
jar1,2C000000F80F00200044004080000000,1641933025,50FF6A068678545226181767,1641934806.744,2022-01-11 21:00:07.2C000000F80F00200044004080000000,513,4029,16928,2523,-38104,,
jar1,2C000000F80F00200044004080000000,1641933025,50FF6A068678545226181767,1641934806.756,2022-01-11 21:00:07.2C000000F80F00200044004080000000,505,4035,16928,2495,-38104,,
jar1,2C000000F80F00200044004080000000,1641933025,50FF6A068678545226181767,1641934806.774,2022-01-11 21:00:07.2C000000F80F00200044004080000000,516,4043,16928,4042,-38104,,
jar1,2C000000F80F00200044004080000000,1641933025,50FF6A068678545226181767,1641934806.785,2022-01-11 21:00:07.2C000000F80F00200044004080000000,506,4039,16928,2493,-38104,,
jar1,2C000000F80F00200044004080000000,1641933025,50FF6A068678545226181767,1641934806.797,2022-01-11 21:00:07.2C000000F80F00200044004080000000,518,4041,16928,4032,-38104,,
jar1,2C000000F80F00200044004080000000,1641933025,50FF6A068678545226181767,1641934806.853,2022-01-11 21:00:07.2C000000F80F00200044004080000000,509,4020,16928,2504,-38104,,
jar1,2C000000F80F00200044004080000000,1641933025,50FF6A068678545226181767,1641934806.865,2022-01-11 21:00:07.2C000000F80F00200044004080000000,512,4019,16928,4036,-38104,,
jar1,2C000000F80F00200044004080000000,1641933025,50FF6A068678545226181767,1641934806.876,2022-01-11 21:00:07.2C000000F80F00200044004080000000,508,4020,16928,2505,-38104,,
jar1,2C000000F80F00200044004080000000,1641933025,50FF6A068678545226181767,1641934806.888,2022-01-11 21:00:07.2C000000F80F00200044004080000000,513,4041,16928,2503,-38104,,
jar1,2C000000F80F00200044004080000000,1641933025,50FF6A068678545226181767,1641934806.900,2022-01-11 21:00:07.2C000000F80F00200044004080000000,509,4043,16928,4017,-38104,,
jar1,2C000000F80F00200044004080000000,1641933025,50FF6A068678545226181767,1641934806.956,2022-01-11 21:00:07.2C000000F80F00200044004080000000,519,4039,16928,4026,-38104,,
jar1,2C000000F80F00200044004080000000,1641933025,50FF6A068678545226181767,1641934806.968,2022-01-11 21:00:07.2C000000F80F00200044004080000000,506,4022,16928,2504,-38104,,
jar1,2C000000F80F00200044004080000000,1641933025,50FF6A068678545226181767,1641935405.010,2022-01-11 21:10:05.2C000000F80F00200044004080000000,287,4046,16928,2494,-38104,,
jar1,2C000000F80F00200044004080000000,1641933025,50FF6A068678545226181767,1641935405.021,2022-01-11 21:10:05.2C000000F80F00200044004080000000,492,4034,16928,2526,-38104,,
jar1,2C000000F80F00200044004080000000,1641933025,50FF6A068678545226181767,1641935405.033,2022-01-11 21:10:05.2C000000F80F00200044004080000000,510,4028,16928,4015,-38104,,
jar1,2C000000F80F00200044004080000000,1641933025,50FF6A068678545226181767,1641935405.045,2022-01-11 21:10:05.2C000000F80F00200044004080000000,516,4024,16928,2521,-38104,,
jar1,2C000000F80F00200044004080000000,1641933025,50FF6A068678545226181767,1641935405.056,2022-01-11 21:10:05.2C000000F80F00200044004080000000,508,4032,16928,4046,-38104,,
jar1,2C000000F80F00200044004080000000,1641933025,50FF6A068678545226181767,1641935405.068,2022-01-11 21:10:05.2C000000F80F00200044004080000000,515,4027,16928,2510,-38104,,
jar1,2C000000F80F00200044004080000000,1641933025,50FF6A068678545226181767,1641935405.157,2022-01-11 21:10:05.2C000000F80F00200044004080000000,518,4044,16928,2495,-38104,,
jar1,2C000000F80F00200044004080000000,1641933025,50FF6A068678545226181767,1641935405.168,2022-01-11 21:10:05.2C000000F80F00200044004080000000,508,4038,16928,4016,-38104,,
jar1,2C000000F80F00200044004080000000,1641933025,50FF6A068678545226181767,1641935405.180,2022-01-11 21:10:05.2C000000F80F00200044004080000000,517,4021,16928,2516,-38104,,
jar1,2C000000F80F00200044004080000000,1641933025,50FF6A068678545226181767,1641935405.192,2022-01-11 21:10:05.2C000000F80F00200044004080000000,506,4044,16928,2508,-38104,,
jar1,2C000000F80F00200044004080000000,1641933025,50FF6A068678545226181767,1641935405.209,2022-01-11 21:10:05.2C000000F80F00200044004080000000,517,4021,16928,2502,-38104,,
jar1,2C000000F80F00200044004080000000,1641933025,50FF6A068678545226181767,1641935405.221,2022-01-11 21:10:05.2C000000F80F00200044004080000000,514,4019,16928,2517,-38104,,
jar1,2C000000F80F00200044004080000000,1641933025,50FF6A068678545226181767,1641935405.277,2022-01-11 21:10:05.2C000000F80F00200044004080000000,513,4044,16928,4039,-38104,,
jar1,2C000000F80F00200044004080000000,1641933025,50FF6A068678545226181767,1641935405.288,2022-01-11 21:10:05.2C000000F80F00200044004080000000,509,4038,16928,2490,-38104,,
jar1,2C000000F80F00200044004080000000,1641933025,50FF6A068678545226181767,1641935405.300,2022-01-11 21:10:05.2C000000F80F00200044004080000000,515,4018,16928,2509,-38104,,
jar1,2C000000F80F00200044004080000000,1641933025,50FF6A068678545226181767,1641935405.312,2022-01-11 21:10:05.2C000000F80F00200044004080000000,506,4043,16928,4033,-38104,,
jar1,2C000000F80F00200044004080000000,1641933025,50FF6A068678545226181767,1641935405.324,2022-01-11 21:10:05.2C000000F80F00200044004080000000,515,4044,16928,2492,-38104,,
jar1,2C000000F80F00200044004080000000,1641933025,50FF6A068678545226181767,1641935405.335,2022-01-11 21:10:05.2C000000F80F00200044004080000000,516,4034,16928,2498,-38104,,
jar1,2C000000F80F00200044004080000000,1641933025,50FF6A068678545226181767,1641935405.392,2022-01-11 21:10:05.2C000000F80F00200044004080000000,508,4043,16928,2504,-38104,,
jar1,2C000000F80F00200044004080000000,1641933025,50FF6A068678545226181767,1641935405.403,2022-01-11 21:10:05.2C000000F80F00200044004080000000,515,4031,16928,4037,-38104,,
jar1,2C000000F80F00200044004080000000,1641933025,50FF6A068678545226181767,1641935405.421,2022-01-11 21:10:05.2C000000F80F00200044004080000000,506,4028,16928,2567,-38104,,
jar1,2C000000F80F00200044004080000000,1641933025,50FF6A068678545226181767,1641935405.432,2022-01-11 21:10:05.2C000000F80F00200044004080000000,513,4017,16928,4017,-38104,,
jar1,2C000000F80F00200044004080000000,1641933025,50FF6A068678545226181767,1641935405.444,2022-01-11 21:10:05.2C000000F80F00200044004080000000,506,4043,16928,2508,-38104,,
jar1,2C000000F80F00200044004080000000,1641933025,50FF6A068678545226181767,1641935405.456,2022-01-11 21:10:05.2C000000F80F00200044004080000000,518,4024,16928,2516,-38104,,
jar1,2C000000F80F00200044004080000000,1641933025,50FF6A068678545226181767,1641935405.512,2022-01-11 21:10:05.2C000000F80F00200044004080000000,510,4020,16928,2506,-38104,,
jar1,2C000000F80F00200044004080000000,1641933025,50FF6A068678545226181767,1641935405.524,2022-01-11 21:10:05.2C000000F80F00200044004080000000,512,4036,16928,2572,-38104,,
jar1,2C000000F80F00200044004080000000,1641933025,50FF6A068678545226181767,1641935405.535,2022-01-11 21:10:05.2C000000F80F00200044004080000000,509,4039,16928,2509,-38104,,
jar1,2C000000F80F00200044004080000000,1641933025,50FF6A068678545226181767,1641935405.547,2022-01-11 21:10:05.2C000000F80F00200044004080000000,514,4025,16928,4038,-38104,,
jar1,2C000000F80F00200044004080000000,1641933025,50FF6A068678545226181767,1641935405.559,2022-01-11 21:10:05.2C000000F80F00200044004080000000,513,4041,16928,2503,-38104,,
jar1,2C000000F80F00200044004080000000,1641933025,50FF6A068678545226181767,1641935405.615,2022-01-11 21:10:05.2C000000F80F00200044004080000000,516,4041,16928,2490,-38104,,
jar1,2C000000F80F00200044004080000000,1641933025,50FF6A068678545226181767,1641935405.632,2022-01-11 21:10:05.2C000000F80F00200044004080000000,509,4032,16928,4027,-38104,,
jar1,2C000000F80F00200044004080000000,1641933025,50FF6A068678545226181767,1641935405.644,2022-01-11 21:10:05.2C000000F80F00200044004080000000,514,4026,16928,2520,-38104,,
jar1,2C000000F80F00200044004080000000,1641933025,50FF6A068678545226181767,1641935405.656,2022-01-11 21:10:05.2C000000F80F00200044004080000000,507,4022,16928,4033,-38104,,
jar1,2C000000F80F00200044004080000000,1641933025,50FF6A068678545226181767,1641935405.668,2022-01-11 21:10:05.2C000000F80F00200044004080000000,516,4018,16928,2506,-38104,,
jar1,2C000000F80F00200044004080000000,1641933025,50FF6A068678545226181767,1641935405.679,2022-01-11 21:10:05.2C000000F80F00200044004080000000,512,4045,16928,4021,-38104,,
jar1,2C000000F80F00200044004080000000,1641933025,50FF6A068678545226181767,1641935405.716,2022-01-11 21:10:05.2C000000F80F00200044004080000000,506,4037,16928,4038,-38104,,
jar1,2C000000F80F00200044004080000000,1641933025,50FF6A068678545226181767,1641935405.727,2022-01-11 21:10:05.2C000000F80F00200044004080000000,514,4038,16928,2488,-38104,,
jar1,2C000000F80F00200044004080000000,1641933025,50FF6A068678545226181767,1641935405.739,2022-01-11 21:10:05.2C000000F80F00200044004080000000,508,4044,16928,2493,-38104,,
jar1,2C000000F80F00200044004080000000,1641933025,50FF6A068678545226181767,1641935405.751,2022-01-11 21:10:05.2C000000F80F00200044004080000000,513,3970,16928,3251,-38104,,
jar1,2C000000F80F00200044004080000000,1641933025,50FF6A068678545226181767,1641935405.762,2022-01-11 21:10:05.2C000000F80F00200044004080000000,514,4040,16928,2504,-38104,,
jar1,2C000000F80F00200044004080000000,1641933025,50FF6A068678545226181767,1641935405.780,2022-01-11 21:10:05.2C000000F80F00200044004080000000,517,4036,16928,2489,-38104,,
jar1,2C000000F80F00200044004080000000,1641933025,50FF6A068678545226181767,1641935405.835,2022-01-11 21:10:05.2C000000F80F00200044004080000000,510,4038,16928,2505,-38104,,
jar1,2C000000F80F00200044004080000000,1641933025,50FF6A068678545226181767,1641935405.847,2022-01-11 21:10:05.2C000000F80F00200044004080000000,516,4044,16928,2504,-38104,,
jar1,2C000000F80F00200044004080000000,1641933025,50FF6A068678545226181767,1641935405.859,2022-01-11 21:10:05.2C000000F80F00200044004080000000,507,4044,16928,4028,-38104,,
jar1,2C000000F80F00200044004080000000,1641933025,50FF6A068678545226181767,1641935405.870,2022-01-11 21:10:05.2C000000F80F00200044004080000000,512,4020,16928,2500,-38104,,
jar1,2C000000F80F00200044004080000000,1641933025,50FF6A068678545226181767,1641935405.882,2022-01-11 21:10:05.2C000000F80F00200044004080000000,508,4024,16928,2513,-38104,,
jar1,2C000000F80F00200044004080000000,1641933025,50FF6A068678545226181767,1641935405.894,2022-01-11 21:10:05.2C000000F80F00200044004080000000,517,4036,16928,2507,-38104,,
jar1,2C000000F80F00200044004080000000,1641933025,50FF6A068678545226181767,1641935405.950,2022-01-11 21:10:05.2C000000F80F00200044004080000000,509,4044,16928,2504,-38104,,
jar1,2C000000F80F00200044004080000000,1641933025,50FF6A068678545226181767,1641935405.962,2022-01-11 21:10:05.2C000000F80F00200044004080000000,512,4020,16928,2517,-38104,,
jar1,2C000000F80F00200044004080000000,1641933025,50FF6A068678545226181767,1641935405.974,2022-01-11 21:10:05.2C000000F80F00200044004080000000,508,4024,16928,2505,-38104,,
jar1,2C000000F80F00200044004080000000,1641933025,50FF6A068678545226181767,1641935405.991,2022-01-11 21:10:05.2C000000F80F00200044004080000000,514,4025,16928,4018,-38104,,
jar1,2C000000F80F00200044004080000000,1641933025,50FF6A068678545226181767,1641935406.003,2022-01-11 21:10:07.2C000000F80F00200044004080000000,513,4019,16928,2505,-38104,,
jar1,2C000000F80F00200044004080000000,1641933025,50FF6A068678545226181767,1641935406.059,2022-01-11 21:10:07.2C000000F80F00200044004080000000,513,4034,16928,2504,-38104,,
jar1,2C000000F80F00200044004080000000,1641933025,50FF6A068678545226181767,1641935406.071,2022-01-11 21:10:07.2C000000F80F00200044004080000000,511,4022,16928,2508,-38104,,
jar1,2C000000F80F00200044004080000000,1641933025,50FF6A068678545226181767,1641935406.082,2022-01-11 21:10:07.2C000000F80F00200044004080000000,515,4033,16928,2494,-38104,,
jar1,2C000000F80F00200044004080000000,1641933025,50FF6A068678545226181767,1641935406.094,2022-01-11 21:10:07.2C000000F80F00200044004080000000,510,4023,16928,2518,-38104,,
jar1,2C000000F80F00200044004080000000,1641933025,50FF6A068678545226181767,1641935406.106,2022-01-11 21:10:07.2C000000F80F00200044004080000000,514,4024,16928,2540,-38104,,
jar1,2C000000F80F00200044004080000000,1641933025,50FF6A068678545226181767,1641935406.117,2022-01-11 21:10:07.2C000000F80F00200044004080000000,516,4025,16928,2520,-38104,,
jar1,2C000000F80F00200044004080000000,1641933025,50FF6A068678545226181767,1641935406.173,2022-01-11 21:10:07.2C000000F80F00200044004080000000,510,4026,16928,2502,-38104,,
jar1,2C000000F80F00200044004080000000,1641933025,50FF6A068678545226181767,1641935406.185,2022-01-11 21:10:07.2C000000F80F00200044004080000000,512,4020,16928,2510,-38104,,
jar1,2C000000F80F00200044004080000000,1641933025,50FF6A068678545226181767,1641935406.203,2022-01-11 21:10:07.2C000000F80F00200044004080000000,513,3972,16928,2896,-38104,,
jar1,2C000000F80F00200044004080000000,1641933025,50FF6A068678545226181767,1641935406.214,2022-01-11 21:10:07.2C000000F80F00200044004080000000,513,4025,16928,2515,-38104,,
jar1,2C000000F80F00200044004080000000,1641933025,50FF6A068678545226181767,1641935406.226,2022-01-11 21:10:07.2C000000F80F00200044004080000000,511,4017,16928,2521,-38104,,
jar1,2C000000F80F00200044004080000000,1641933025,50FF6A068678545226181767,1641935406.238,2022-01-11 21:10:07.2C000000F80F00200044004080000000,517,4017,16928,4035,-38104,,
jar1,2C000000F80F00200044004080000000,1641933025,50FF6A068678545226181767,1641935406.294,2022-01-11 21:10:07.2C000000F80F00200044004080000000,509,4032,16928,4032,-38104,,
jar1,2C000000F80F00200044004080000000,1641933025,50FF6A068678545226181767,1641935406.306,2022-01-11 21:10:07.2C000000F80F00200044004080000000,512,4043,16928,2501,-38104,,
jar1,2C000000F80F00200044004080000000,1641933025,50FF6A068678545226181767,1641935406.317,2022-01-11 21:10:07.2C000000F80F00200044004080000000,511,4044,16928,2488,-38104,,
jar1,2C000000F80F00200044004080000000,1641933025,50FF6A068678545226181767,1641935406.329,2022-01-11 21:10:07.2C000000F80F00200044004080000000,515,4028,16928,4043,-38104,,
jar1,2C000000F80F00200044004080000000,1641933025,50FF6A068678545226181767,1641935406.341,2022-01-11 21:10:07.2C000000F80F00200044004080000000,509,4026,16928,2502,-38104,,
jar1,2C000000F80F00200044004080000000,1641933025,50FF6A068678545226181767,1641935406.352,2022-01-11 21:10:07.2C000000F80F00200044004080000000,518,4029,16928,2501,-38104,,
jar1,2C000000F80F00200044004080000000,1641933025,50FF6A068678545226181767,1641935406.414,2022-01-11 21:10:07.2C000000F80F00200044004080000000,507,4037,16928,2486,-38104,,
jar1,2C000000F80F00200044004080000000,1641933025,50FF6A068678545226181767,1641935406.426,2022-01-11 21:10:07.2C000000F80F00200044004080000000,510,4016,16928,4021,-38104,,
jar1,2C000000F80F00200044004080000000,1641933025,50FF6A068678545226181767,1641935406.438,2022-01-11 21:10:07.2C000000F80F00200044004080000000,514,4037,16928,2504,-38104,,
jar1,2C000000F80F00200044004080000000,1641933025,50FF6A068678545226181767,1641935406.450,2022-01-11 21:10:07.2C000000F80F00200044004080000000,506,4019,16928,2514,-38104,,
jar1,2C000000F80F00200044004080000000,1641933025,50FF6A068678545226181767,1641935406.461,2022-01-11 21:10:07.2C000000F80F00200044004080000000,514,4018,16928,4042,-38104,,
jar1,2C000000F80F00200044004080000000,1641933025,50FF6A068678545226181767,1641935406.517,2022-01-11 21:10:07.2C000000F80F00200044004080000000,510,4011,16928,4018,-38104,,
jar1,2C000000F80F00200044004080000000,1641933025,50FF6A068678545226181767,1641935406.529,2022-01-11 21:10:07.2C000000F80F00200044004080000000,513,4023,16928,2520,-38104,,
jar1,2C000000F80F00200044004080000000,1641933025,50FF6A068678545226181767,1641935406.540,2022-01-11 21:10:07.2C000000F80F00200044004080000000,506,3973,16928,3710,-38104,,
jar1,2C000000F80F00200044004080000000,1641933025,50FF6A068678545226181767,1641935406.552,2022-01-11 21:10:07.2C000000F80F00200044004080000000,517,4038,16928,2505,-38104,,
jar1,2C000000F80F00200044004080000000,1641933025,50FF6A068678545226181767,1641935406.564,2022-01-11 21:10:07.2C000000F80F00200044004080000000,511,4019,16928,2524,-38104,,
jar1,2C000000F80F00200044004080000000,1641933025,50FF6A068678545226181767,1641935406.581,2022-01-11 21:10:07.2C000000F80F00200044004080000000,519,4038,16928,2496,-38104,,
jar1,2C000000F80F00200044004080000000,1641933025,50FF6A068678545226181767,1641935406.637,2022-01-11 21:10:07.2C000000F80F00200044004080000000,511,4021,16928,4045,-38104,,
jar1,2C000000F80F00200044004080000000,1641933025,50FF6A068678545226181767,1641935406.649,2022-01-11 21:10:07.2C000000F80F00200044004080000000,515,4041,16928,2491,-38104,,
jar1,2C000000F80F00200044004080000000,1641933025,50FF6A068678545226181767,1641935406.661,2022-01-11 21:10:07.2C000000F80F00200044004080000000,506,4018,16928,2518,-38104,,
jar1,2C000000F80F00200044004080000000,1641933025,50FF6A068678545226181767,1641935406.672,2022-01-11 21:10:07.2C000000F80F00200044004080000000,513,4035,16928,4017,-38104,,
jar1,2C000000F80F00200044004080000000,1641933025,50FF6A068678545226181767,1641935406.684,2022-01-11 21:10:07.2C000000F80F00200044004080000000,508,4040,16928,2504,-38104,,
jar1,2C000000F80F00200044004080000000,1641933025,50FF6A068678545226181767,1641935406.696,2022-01-11 21:10:07.2C000000F80F00200044004080000000,523,4040,16928,4028,-38104,,
jar1,2C000000F80F00200044004080000000,1641933025,50FF6A068678545226181767,1641935406.752,2022-01-11 21:10:07.2C000000F80F00200044004080000000,514,4042,16928,4043,-38104,,
jar1,2C000000F80F00200044004080000000,1641933025,50FF6A068678545226181767,1641935406.764,2022-01-11 21:10:07.2C000000F80F00200044004080000000,510,4044,16928,2497,-38104,,
jar1,2C000000F80F00200044004080000000,1641933025,50FF6A068678545226181767,1641935406.775,2022-01-11 21:10:07.2C000000F80F00200044004080000000,514,4039,16928,4035,-38104,,
jar1,2C000000F80F00200044004080000000,1641933025,50FF6A068678545226181767,1641935406.793,2022-01-11 21:10:07.2C000000F80F00200044004080000000,509,4043,16928,2496,-38104,,
jar1,2C000000F80F00200044004080000000,1641933025,50FF6A068678545226181767,1641935406.804,2022-01-11 21:10:07.2C000000F80F00200044004080000000,514,4043,16928,4035,-38104,,
jar1,2C000000F80F00200044004080000000,1641933025,50FF6A068678545226181767,1641935406.816,2022-01-11 21:10:07.2C000000F80F00200044004080000000,517,4018,16928,2538,-38104,,
jar1,2C000000F80F00200044004080000000,1641933025,50FF6A068678545226181767,1641935406.872,2022-01-11 21:10:07.2C000000F80F00200044004080000000,512,4020,16928,4042,-38104,,
jar1,2C000000F80F00200044004080000000,1641933025,50FF6A068678545226181767,1641935406.884,2022-01-11 21:10:07.2C000000F80F00200044004080000000,511,4021,16928,2512,-38104,,
jar1,2C000000F80F00200044004080000000,1641933025,50FF6A068678545226181767,1641935406.896,2022-01-11 21:10:07.2C000000F80F00200044004080000000,514,4044,16928,2503,-38104,,
jar1,2C000000F80F00200044004080000000,1641933025,50FF6A068678545226181767,1641935406.908,2022-01-11 21:10:07.2C000000F80F00200044004080000000,505,4040,16928,4026,-38104,,
jar1,2C000000F80F00200044004080000000,1641933025,50FF6A068678545226181767,1641935406.919,2022-01-11 21:10:07.2C000000F80F00200044004080000000,515,4030,16928,2498,-38104,,
jar1,2C000000F80F00200044004080000000,1641933025,50FF6A068678545226181767,1641935406.975,2022-01-11 21:10:07.2C000000F80F00200044004080000000,515,4021,16928,2518,-38104,,
jar1,2C000000F80F00200044004080000000,1641933025,50FF6A068678545226181767,1641935406.987,2022-01-11 21:10:07.2C000000F80F00200044004080000000,510,4025,16928,4030,-38104,,
jar1,2C000000F80F00200044004080000000,1641933025,50FF6A068678545226181767,1641936005.010,2022-01-11 21:20:05.2C000000F80F00200044004080000000,287,4042,16928,2500,-38104,,
jar1,2C000000F80F00200044004080000000,1641933025,50FF6A068678545226181767,1641936005.021,2022-01-11 21:20:05.2C000000F80F00200044004080000000,494,4034,16928,2493,-38104,,
jar1,2C000000F80F00200044004080000000,1641933025,50FF6A068678545226181767,1641936005.033,2022-01-11 21:20:05.2C000000F80F00200044004080000000,512,4020,16928,2508,-38104,,
jar1,2C000000F80F00200044004080000000,1641933025,50FF6A068678545226181767,1641936005.045,2022-01-11 21:20:05.2C000000F80F00200044004080000000,510,4038,16928,2623,-38104,,
jar1,2C000000F80F00200044004080000000,1641933025,50FF6A068678545226181767,1641936005.057,2022-01-11 21:20:05.2C000000F80F00200044004080000000,513,4039,16928,2500,-38104,,
jar1,2C000000F80F00200044004080000000,1641933025,50FF6A068678545226181767,1641936005.068,2022-01-11 21:20:05.2C000000F80F00200044004080000000,509,4034,16928,2492,-38104,,
jar1,2C000000F80F00200044004080000000,1641933025,50FF6A068678545226181767,1641936005.157,2022-01-11 21:20:05.2C000000F80F00200044004080000000,520,4038,16928,2489,-38104,,
jar1,2C000000F80F00200044004080000000,1641933025,50FF6A068678545226181767,1641936005.168,2022-01-11 21:20:05.2C000000F80F00200044004080000000,509,4039,16928,2490,-38104,,
jar1,2C000000F80F00200044004080000000,1641933025,50FF6A068678545226181767,1641936005.180,2022-01-11 21:20:05.2C000000F80F00200044004080000000,515,4033,16928,4019,-38104,,
jar1,2C000000F80F00200044004080000000,1641933025,50FF6A068678545226181767,1641936005.192,2022-01-11 21:20:05.2C000000F80F00200044004080000000,507,4029,16928,2520,-38104,,
jar1,2C000000F80F00200044004080000000,1641933025,50FF6A068678545226181767,1641936005.209,2022-01-11 21:20:05.2C000000F80F00200044004080000000,511,4019,16928,2518,-38104,,
jar1,2C000000F80F00200044004080000000,1641933025,50FF6A068678545226181767,1641936005.221,2022-01-11 21:20:05.2C000000F80F00200044004080000000,519,4043,16928,2501,-38104,,
jar1,2C000000F80F00200044004080000000,1641933025,50FF6A068678545226181767,1641936005.277,2022-01-11 21:20:05.2C000000F80F00200044004080000000,506,4020,16928,2536,-38104,,
jar1,2C000000F80F00200044004080000000,1641933025,50FF6A068678545226181767,1641936005.289,2022-01-11 21:20:05.2C000000F80F00200044004080000000,514,4042,16928,2494,-38104,,
jar1,2C000000F80F00200044004080000000,1641933025,50FF6A068678545226181767,1641936005.301,2022-01-11 21:20:05.2C000000F80F00200044004080000000,506,4028,16928,2507,-38104,,
jar1,2C000000F80F00200044004080000000,1641933025,50FF6A068678545226181767,1641936005.312,2022-01-11 21:20:05.2C000000F80F00200044004080000000,519,4034,16928,2499,-38104,,
jar1,2C000000F80F00200044004080000000,1641933025,50FF6A068678545226181767,1641936005.324,2022-01-11 21:20:05.2C000000F80F00200044004080000000,511,4011,16928,2522,-38104,,
jar1,2C000000F80F00200044004080000000,1641933025,50FF6A068678545226181767,1641936005.336,2022-01-11 21:20:05.2C000000F80F00200044004080000000,517,4017,16928,2506,-38104,,
jar1,2C000000F80F00200044004080000000,1641933025,50FF6A068678545226181767,1641936005.392,2022-01-11 21:20:05.2C000000F80F00200044004080000000,511,4024,16928,2518,-38104,,
jar1,2C000000F80F00200044004080000000,1641933025,50FF6A068678545226181767,1641936005.404,2022-01-11 21:20:05.2C000000F80F00200044004080000000,515,4020,16928,2504,-38104,,
jar1,2C000000F80F00200044004080000000,1641933025,50FF6A068678545226181767,1641936005.421,2022-01-11 21:20:05.2C000000F80F00200044004080000000,509,4038,16928,2503,-38104,,
jar1,2C000000F80F00200044004080000000,1641933025,50FF6A068678545226181767,1641936005.433,2022-01-11 21:20:05.2C000000F80F00200044004080000000,515,4043,16928,4002,-38104,,
jar1,2C000000F80F00200044004080000000,1641933025,50FF6A068678545226181767,1641936005.444,2022-01-11 21:20:05.2C000000F80F00200044004080000000,510,3977,16928,4032,-38104,,
jar1,2C000000F80F00200044004080000000,1641933025,50FF6A068678545226181767,1641936005.456,2022-01-11 21:20:05.2C000000F80F00200044004080000000,518,4038,16928,4044,-38104,,
jar1,2C000000F80F00200044004080000000,1641933025,50FF6A068678545226181767,1641936005.512,2022-01-11 21:20:05.2C000000F80F00200044004080000000,509,4044,16928,2492,-38104,,
jar1,2C000000F80F00200044004080000000,1641933025,50FF6A068678545226181767,1641936005.524,2022-01-11 21:20:05.2C000000F80F00200044004080000000,517,4042,16928,4044,-38104,,
jar1,2C000000F80F00200044004080000000,1641933025,50FF6A068678545226181767,1641936005.536,2022-01-11 21:20:05.2C000000F80F00200044004080000000,509,4032,16928,2501,-38104,,
jar1,2C000000F80F00200044004080000000,1641933025,50FF6A068678545226181767,1641936005.547,2022-01-11 21:20:05.2C000000F80F00200044004080000000,516,4045,16928,2504,-38104,,
jar1,2C000000F80F00200044004080000000,1641933025,50FF6A068678545226181767,1641936005.559,2022-01-11 21:20:05.2C000000F80F00200044004080000000,506,4020,16928,4039,-38104,,
jar1,2C000000F80F00200044004080000000,1641933025,50FF6A068678545226181767,1641936005.615,2022-01-11 21:20:05.2C000000F80F00200044004080000000,519,4046,16928,4040,-38104,,
jar1,2C000000F80F00200044004080000000,1641933025,50FF6A068678545226181767,1641936005.633,2022-01-11 21:20:05.2C000000F80F00200044004080000000,511,4032,16928,4035,-38104,,
jar1,2C000000F80F00200044004080000000,1641933025,50FF6A068678545226181767,1641936005.645,2022-01-11 21:20:05.2C000000F80F00200044004080000000,519,4021,16928,2504,-38104,,
jar1,2C000000F80F00200044004080000000,1641933025,50FF6A068678545226181767,1641936005.656,2022-01-11 21:20:05.2C000000F80F00200044004080000000,509,4021,16928,2507,-38104,,
jar1,2C000000F80F00200044004080000000,1641933025,50FF6A068678545226181767,1641936005.668,2022-01-11 21:20:05.2C000000F80F00200044004080000000,517,4006,16928,4019,-38104,,
jar1,2C000000F80F00200044004080000000,1641933025,50FF6A068678545226181767,1641936005.680,2022-01-11 21:20:05.2C000000F80F00200044004080000000,514,4019,16928,2513,-38104,,
jar1,2C000000F80F00200044004080000000,1641933025,50FF6A068678545226181767,1641936005.735,2022-01-11 21:20:05.2C000000F80F00200044004080000000,512,4041,16928,4037,-38104,,
jar1,2C000000F80F00200044004080000000,1641933025,50FF6A068678545226181767,1641936005.747,2022-01-11 21:20:05.2C000000F80F00200044004080000000,510,4035,16928,2490,-38104,,
jar1,2C000000F80F00200044004080000000,1641933025,50FF6A068678545226181767,1641936005.759,2022-01-11 21:20:05.2C000000F80F00200044004080000000,516,4034,16928,2521,-38104,,
jar1,2C000000F80F00200044004080000000,1641933025,50FF6A068678545226181767,1641936005.770,2022-01-11 21:20:05.2C000000F80F00200044004080000000,511,4042,16928,2491,-38104,,
jar1,2C000000F80F00200044004080000000,1641933025,50FF6A068678545226181767,1641936005.782,2022-01-11 21:20:05.2C000000F80F00200044004080000000,514,4039,16928,2504,-38104,,
jar1,2C000000F80F00200044004080000000,1641933025,50FF6A068678545226181767,1641936005.800,2022-01-11 21:20:05.2C000000F80F00200044004080000000,512,4044,16928,2491,-38104,,
jar1,2C000000F80F00200044004080000000,1641933025,50FF6A068678545226181767,1641936005.856,2022-01-11 21:20:05.2C000000F80F00200044004080000000,507,4040,16928,2493,-38104,,
jar1,2C000000F80F00200044004080000000,1641933025,50FF6A068678545226181767,1641936005.867,2022-01-11 21:20:05.2C000000F80F00200044004080000000,515,4028,16928,2504,-38104,,
jar1,2C000000F80F00200044004080000000,1641933025,50FF6A068678545226181767,1641936005.879,2022-01-11 21:20:05.2C000000F80F00200044004080000000,507,4032,16928,4021,-38104,,
jar1,2C000000F80F00200044004080000000,1641933025,50FF6A068678545226181767,1641936005.891,2022-01-11 21:20:05.2C000000F80F00200044004080000000,513,4046,16928,2506,-38104,,
jar1,2C000000F80F00200044004080000000,1641933025,50FF6A068678545226181767,1641936005.902,2022-01-11 21:20:05.2C000000F80F00200044004080000000,511,4030,16928,4041,-38104,,
jar1,2C000000F80F00200044004080000000,1641933025,50FF6A068678545226181767,1641936005.914,2022-01-11 21:20:05.2C000000F80F00200044004080000000,519,4041,16928,2491,-38104,,
jar1,2C000000F80F00200044004080000000,1641933025,50FF6A068678545226181767,1641936005.970,2022-01-11 21:20:05.2C000000F80F00200044004080000000,508,4040,16928,4024,-38104,,
jar1,2C000000F80F00200044004080000000,1641933025,50FF6A068678545226181767,1641936005.982,2022-01-11 21:20:05.2C000000F80F00200044004080000000,513,4045,16928,2491,-38104,,
jar1,2C000000F80F00200044004080000000,1641933025,50FF6A068678545226181767,1641936005.994,2022-01-11 21:20:05.2C000000F80F00200044004080000000,506,4045,16928,2507,-38104,,
jar1,2C000000F80F00200044004080000000,1641933025,50FF6A068678545226181767,1641936006.011,2022-01-11 21:20:07.2C000000F80F00200044004080000000,519,4033,16928,2512,-38104,,
jar1,2C000000F80F00200044004080000000,1641933025,50FF6A068678545226181767,1641936006.023,2022-01-11 21:20:07.2C000000F80F00200044004080000000,510,4039,16928,2497,-38104,,
jar1,2C000000F80F00200044004080000000,1641933025,50FF6A068678545226181767,1641936006.079,2022-01-11 21:20:07.2C000000F80F00200044004080000000,522,4019,16928,2508,-38104,,
jar1,2C000000F80F00200044004080000000,1641933025,50FF6A068678545226181767,1641936006.091,2022-01-11 21:20:07.2C000000F80F00200044004080000000,511,4036,16928,2504,-38104,,
jar1,2C000000F80F00200044004080000000,1641933025,50FF6A068678545226181767,1641936006.102,2022-01-11 21:20:07.2C000000F80F00200044004080000000,516,4021,16928,2552,-38104,,
jar1,2C000000F80F00200044004080000000,1641933025,50FF6A068678545226181767,1641936006.114,2022-01-11 21:20:07.2C000000F80F00200044004080000000,504,4044,16928,4042,-38104,,
jar1,2C000000F80F00200044004080000000,1641933025,50FF6A068678545226181767,1641936006.126,2022-01-11 21:20:07.2C000000F80F00200044004080000000,518,4039,16928,2498,-38104,,
jar1,2C000000F80F00200044004080000000,1641933025,50FF6A068678545226181767,1641936006.137,2022-01-11 21:20:07.2C000000F80F00200044004080000000,512,4024,16928,2502,-38104,,
jar1,2C000000F80F00200044004080000000,1641933025,50FF6A068678545226181767,1641936006.194,2022-01-11 21:20:07.2C000000F80F00200044004080000000,507,4027,16928,2518,-38104,,
jar1,2C000000F80F00200044004080000000,1641933025,50FF6A068678545226181767,1641936006.205,2022-01-11 21:20:07.2C000000F80F00200044004080000000,514,4019,16928,2508,-38104,,
jar1,2C000000F80F00200044004080000000,1641933025,50FF6A068678545226181767,1641936006.223,2022-01-11 21:20:07.2C000000F80F00200044004080000000,509,4040,16928,2494,-38104,,
jar1,2C000000F80F00200044004080000000,1641933025,50FF6A068678545226181767,1641936006.234,2022-01-11 21:20:07.2C000000F80F00200044004080000000,518,4024,16928,4027,-38104,,
jar1,2C000000F80F00200044004080000000,1641933025,50FF6A068678545226181767,1641936006.246,2022-01-11 21:20:07.2C000000F80F00200044004080000000,509,4041,16928,2497,-38104,,
jar1,2C000000F80F00200044004080000000,1641933025,50FF6A068678545226181767,1641936006.258,2022-01-11 21:20:07.2C000000F80F00200044004080000000,520,4035,16928,2504,-38104,,
jar1,2C000000F80F00200044004080000000,1641933025,50FF6A068678545226181767,1641936006.294,2022-01-11 21:20:07.2C000000F80F00200044004080000000,506,4037,16928,4027,-38104,,
jar1,2C000000F80F00200044004080000000,1641933025,50FF6A068678545226181767,1641936006.306,2022-01-11 21:20:07.2C000000F80F00200044004080000000,516,4021,16928,2514,-38104,,
jar1,2C000000F80F00200044004080000000,1641933025,50FF6A068678545226181767,1641936006.318,2022-01-11 21:20:07.2C000000F80F00200044004080000000,505,4015,16928,4019,-38104,,
jar1,2C000000F80F00200044004080000000,1641933025,50FF6A068678545226181767,1641936006.330,2022-01-11 21:20:07.2C000000F80F00200044004080000000,515,4039,16928,2508,-38104,,
jar1,2C000000F80F00200044004080000000,1641933025,50FF6A068678545226181767,1641936006.341,2022-01-11 21:20:07.2C000000F80F00200044004080000000,511,4038,16928,2496,-38104,,
jar1,2C000000F80F00200044004080000000,1641933025,50FF6A068678545226181767,1641936006.353,2022-01-11 21:20:07.2C000000F80F00200044004080000000,521,4040,16928,2503,-38104,,
jar1,2C000000F80F00200044004080000000,1641933025,50FF6A068678545226181767,1641936006.414,2022-01-11 21:20:07.2C000000F80F00200044004080000000,513,4020,16928,2506,-38104,,
jar1,2C000000F80F00200044004080000000,1641933025,50FF6A068678545226181767,1641936006.425,2022-01-11 21:20:07.2C000000F80F00200044004080000000,511,4018,16928,4035,-38104,,
jar1,2C000000F80F00200044004080000000,1641933025,50FF6A068678545226181767,1641936006.437,2022-01-11 21:20:07.2C000000F80F00200044004080000000,519,4030,16928,2506,-38104,,
jar1,2C000000F80F00200044004080000000,1641933025,50FF6A068678545226181767,1641936006.449,2022-01-11 21:20:07.2C000000F80F00200044004080000000,508,4021,16928,2504,-38104,,
jar1,2C000000F80F00200044004080000000,1641933025,50FF6A068678545226181767,1641936006.461,2022-01-11 21:20:07.2C000000F80F00200044004080000000,516,3971,16928,4019,-38104,,
jar1,2C000000F80F00200044004080000000,1641933025,50FF6A068678545226181767,1641936006.517,2022-01-11 21:20:07.2C000000F80F00200044004080000000,518,4031,16928,2492,-38104,,
jar1,2C000000F80F00200044004080000000,1641933025,50FF6A068678545226181767,1641936006.529,2022-01-11 21:20:07.2C000000F80F00200044004080000000,507,4042,16928,2494,-38104,,
jar1,2C000000F80F00200044004080000000,1641933025,50FF6A068678545226181767,1641936006.540,2022-01-11 21:20:07.2C000000F80F00200044004080000000,516,4043,16928,4019,-38104,,
jar1,2C000000F80F00200044004080000000,1641933025,50FF6A068678545226181767,1641936006.552,2022-01-11 21:20:07.2C000000F80F00200044004080000000,507,4040,16928,2489,-38104,,
jar1,2C000000F80F00200044004080000000,1641933025,50FF6A068678545226181767,1641936006.564,2022-01-11 21:20:07.2C000000F80F00200044004080000000,516,4015,16928,2507,-38104,,
jar1,2C000000F80F00200044004080000000,1641933025,50FF6A068678545226181767,1641936006.581,2022-01-11 21:20:07.2C000000F80F00200044004080000000,512,4032,16928,4020,-38104,,
jar1,2C000000F80F00200044004080000000,1641933025,50FF6A068678545226181767,1641936006.637,2022-01-11 21:20:07.2C000000F80F00200044004080000000,512,4028,16928,2513,-38104,,
jar1,2C000000F80F00200044004080000000,1641933025,50FF6A068678545226181767,1641936006.648,2022-01-11 21:20:07.2C000000F80F00200044004080000000,508,4029,16928,4043,-38104,,
jar1,2C000000F80F00200044004080000000,1641933025,50FF6A068678545226181767,1641936006.660,2022-01-11 21:20:07.2C000000F80F00200044004080000000,513,4035,16928,2490,-38104,,
jar1,2C000000F80F00200044004080000000,1641933025,50FF6A068678545226181767,1641936006.672,2022-01-11 21:20:07.2C000000F80F00200044004080000000,510,4043,16928,2508,-38104,,
jar1,2C000000F80F00200044004080000000,1641933025,50FF6A068678545226181767,1641936006.683,2022-01-11 21:20:07.2C000000F80F00200044004080000000,512,4039,16928,4018,-38104,,
jar1,2C000000F80F00200044004080000000,1641933025,50FF6A068678545226181767,1641936006.695,2022-01-11 21:20:07.2C000000F80F00200044004080000000,515,4023,16928,2507,-38104,,
jar1,2C000000F80F00200044004080000000,1641933025,50FF6A068678545226181767,1641936006.751,2022-01-11 21:20:07.2C000000F80F00200044004080000000,511,4030,16928,2506,-38104,,
jar1,2C000000F80F00200044004080000000,1641933025,50FF6A068678545226181767,1641936006.763,2022-01-11 21:20:07.2C000000F80F00200044004080000000,512,4020,16928,2507,-38104,,
jar1,2C000000F80F00200044004080000000,1641933025,50FF6A068678545226181767,1641936006.775,2022-01-11 21:20:07.2C000000F80F00200044004080000000,511,4043,16928,4045,-38104,,
jar1,2C000000F80F00200044004080000000,1641933025,50FF6A068678545226181767,1641936006.792,2022-01-11 21:20:07.2C000000F80F00200044004080000000,514,4041,16928,4044,-38104,,
jar1,2C000000F80F00200044004080000000,1641933025,50FF6A068678545226181767,1641936006.804,2022-01-11 21:20:07.2C000000F80F00200044004080000000,508,4022,16928,2507,-38104,,
jar1,2C000000F80F00200044004080000000,1641933025,50FF6A068678545226181767,1641936006.815,2022-01-11 21:20:07.2C000000F80F00200044004080000000,519,4018,16928,2510,-38104,,
jar1,2C000000F80F00200044004080000000,1641933025,50FF6A068678545226181767,1641936006.871,2022-01-11 21:20:07.2C000000F80F00200044004080000000,510,4020,16928,2512,-38104,,
jar1,2C000000F80F00200044004080000000,1641933025,50FF6A068678545226181767,1641936006.883,2022-01-11 21:20:07.2C000000F80F00200044004080000000,515,4029,16928,4028,-38104,,
jar1,2C000000F80F00200044004080000000,1641933025,50FF6A068678545226181767,1641936006.895,2022-01-11 21:20:07.2C000000F80F00200044004080000000,506,3968,16928,4017,-38104,,
jar1,2C000000F80F00200044004080000000,1641933025,50FF6A068678545226181767,1641936006.907,2022-01-11 21:20:07.2C000000F80F00200044004080000000,517,4040,16928,2491,-38104,,
jar1,2C000000F80F00200044004080000000,1641933025,50FF6A068678545226181767,1641936006.918,2022-01-11 21:20:07.2C000000F80F00200044004080000000,509,4027,16928,2536,-38104,,
jar1,2C000000F80F00200044004080000000,1641933025,50FF6A068678545226181767,1641936006.974,2022-01-11 21:20:07.2C000000F80F00200044004080000000,519,3976,16928,4040,-38104,,
jar1,2C000000F80F00200044004080000000,1641933025,50FF6A068678545226181767,1641936006.986,2022-01-11 21:20:07.2C000000F80F00200044004080000000,511,4026,16928,2518,-38104,,
